timestamp,device_localId,appName,prevRow
46:22.3,s:43E3D459-9E29-4A00-AD87-42B16F7E4DBD,MSPaint,Remix3D
46:16.7,s:E85B1EA6-BFD4-44C9-A2E5-700CEEC40492,MSPaint,Remix3D
46:10.5,s:73076102-E1B5-4D0A-A32B-3CA120EBCBFD,MSPaint,Remix3D
45:53.2,s:43E3D459-9E29-4A00-AD87-42B16F7E4DBD,MSPaint,Remix3D
45:50.3,s:9E263AA0-97B2-4E4C-A816-CED94FC018D1,MSPaint,Remix3D
45:21.8,s:43E3D459-9E29-4A00-AD87-42B16F7E4DBD,MSPaint,Remix3D
45:15.6,s:E85B1EA6-BFD4-44C9-A2E5-700CEEC40492,MSPaint,Remix3D
45:09.2,s:73076102-E1B5-4D0A-A32B-3CA120EBCBFD,MSPaint,Remix3D
45:04.8,s:38822E0C-BD5F-4E2D-A101-30345EF08C25,MSPaint,Remix3D
45:03.3,s:1514F873-FBD2-4363-B81D-619064FBA9F7,MSPaint,Remix3D
45:02.6,s:73076102-E1B5-4D0A-A32B-3CA120EBCBFD,MSPaint,Remix3D
45:02.4,s:73076102-E1B5-4D0A-A32B-3CA120EBCBFD,MSPaint,Remix3D
45:00.1,s:38822E0C-BD5F-4E2D-A101-30345EF08C25,MSPaint,Remix3D
44:57.3,s:38822E0C-BD5F-4E2D-A101-30345EF08C25,MSPaint,Remix3D
44:55.6,s:38822E0C-BD5F-4E2D-A101-30345EF08C25,MSPaint,Remix3D
44:54.8,s:38822E0C-BD5F-4E2D-A101-30345EF08C25,MSPaint,Remix3D
44:53.9,s:38822E0C-BD5F-4E2D-A101-30345EF08C25,MSPaint,Remix3D
44:50.9,s:38822E0C-BD5F-4E2D-A101-30345EF08C25,MSPaint,Remix3D
44:50.8,s:38822E0C-BD5F-4E2D-A101-30345EF08C25,MSPaint,Remix3D
44:49.9,s:9E263AA0-97B2-4E4C-A816-CED94FC018D1,MSPaint,Remix3D
44:49.3,s:38822E0C-BD5F-4E2D-A101-30345EF08C25,MSPaint,Remix3D
44:46.6,s:38822E0C-BD5F-4E2D-A101-30345EF08C25,MSPaint,Remix3D
44:46.5,s:1514F873-FBD2-4363-B81D-619064FBA9F7,MSPaint,Remix3D
44:46.4,s:1514F873-FBD2-4363-B81D-619064FBA9F7,MSPaint,Remix3D
44:45.8,s:1514F873-FBD2-4363-B81D-619064FBA9F7,MSPaint,Remix3D
44:45.8,s:1514F873-FBD2-4363-B81D-619064FBA9F7,MSPaint,Remix3D
44:44.2,s:1514F873-FBD2-4363-B81D-619064FBA9F7,MSPaint,Remix3D
44:43.9,s:38822E0C-BD5F-4E2D-A101-30345EF08C25,MSPaint,Remix3D
44:43.7,s:38822E0C-BD5F-4E2D-A101-30345EF08C25,MSPaint,Remix3D
44:42.4,s:1514F873-FBD2-4363-B81D-619064FBA9F7,MSPaint,Remix3D
44:41.1,s:38822E0C-BD5F-4E2D-A101-30345EF08C25,MSPaint,Remix3D
44:41.0,s:38822E0C-BD5F-4E2D-A101-30345EF08C25,MSPaint,Remix3D
44:38.2,s:1514F873-FBD2-4363-B81D-619064FBA9F7,MSPaint,Remix3D
44:35.1,s:1514F873-FBD2-4363-B81D-619064FBA9F7,MSPaint,Remix3D
44:31.7,s:9BDA4393-27E0-4FF4-9278-59DE399064C9,MSPaint,Remix3D
44:31.2,s:1514F873-FBD2-4363-B81D-619064FBA9F7,MSPaint,Remix3D
44:31.2,s:1514F873-FBD2-4363-B81D-619064FBA9F7,MSPaint,Remix3D
44:28.8,s:1514F873-FBD2-4363-B81D-619064FBA9F7,MSPaint,Remix3D
44:28.5,s:2A326C58-5A79-48DA-B9E8-34427CF8F03D,MSPaint,Remix3D
44:26.7,s:38822E0C-BD5F-4E2D-A101-30345EF08C25,MSPaint,Remix3D
44:26.5,s:9D1585D7-10F0-4841-94D4-2C76FF288CA2,MSPaint,Remix3D
44:25.9,s:9D1585D7-10F0-4841-94D4-2C76FF288CA2,MSPaint,Remix3D
44:24.9,s:1514F873-FBD2-4363-B81D-619064FBA9F7,MSPaint,Remix3D
44:24.8,s:38822E0C-BD5F-4E2D-A101-30345EF08C25,MSPaint,Remix3D
44:24.6,s:9D1585D7-10F0-4841-94D4-2C76FF288CA2,MSPaint,Remix3D
44:24.2,s:9D1585D7-10F0-4841-94D4-2C76FF288CA2,MSPaint,Remix3D
44:23.2,s:9D1585D7-10F0-4841-94D4-2C76FF288CA2,MSPaint,Remix3D
44:21.9,s:38822E0C-BD5F-4E2D-A101-30345EF08C25,MSPaint,Remix3D
44:21.2,s:43E3D459-9E29-4A00-AD87-42B16F7E4DBD,MSPaint,Remix3D
44:20.7,s:1514F873-FBD2-4363-B81D-619064FBA9F7,MSPaint,Remix3D
44:20.7,s:1514F873-FBD2-4363-B81D-619064FBA9F7,MSPaint,Remix3D
44:20.4,s:9D1585D7-10F0-4841-94D4-2C76FF288CA2,MSPaint,Remix3D
44:18.0,s:9D1585D7-10F0-4841-94D4-2C76FF288CA2,MSPaint,Remix3D
44:17.8,s:1514F873-FBD2-4363-B81D-619064FBA9F7,MSPaint,Remix3D
44:17.7,s:FF7D8200-4988-4943-BC64-136A5B91D2BE,MSPaint,Remix3D
44:16.2,s:D1B00721-1E81-4F88-B603-B396156D22CD,MSPaint,Remix3D
44:15.8,s:9D1585D7-10F0-4841-94D4-2C76FF288CA2,MSPaint,Remix3D
44:14.3,s:E85B1EA6-BFD4-44C9-A2E5-700CEEC40492,MSPaint,Remix3D
44:13.7,s:9D1585D7-10F0-4841-94D4-2C76FF288CA2,MSPaint,Remix3D
44:13.5,s:1514F873-FBD2-4363-B81D-619064FBA9F7,MSPaint,Remix3D
44:13.4,s:1514F873-FBD2-4363-B81D-619064FBA9F7,MSPaint,Remix3D
44:12.8,s:E54A2162-6797-4790-AC0F-6C6F1E987C9D,MSPaint,Remix3D
44:12.6,s:E54A2162-6797-4790-AC0F-6C6F1E987C9D,MSPaint,Remix3D
44:12.0,s:E54A2162-6797-4790-AC0F-6C6F1E987C9D,MSPaint,Remix3D
44:11.7,s:38822E0C-BD5F-4E2D-A101-30345EF08C25,MSPaint,Remix3D
44:11.2,s:1514F873-FBD2-4363-B81D-619064FBA9F7,MSPaint,Remix3D
44:07.5,s:881DE860-5165-4341-89DA-2B81EBF89EA4,MSPaint,Remix3D
44:07.3,s:3FC95697-9917-4767-93B2-AA2DBE7EBC16,MSPaint,Remix3D
44:07.2,s:1514F873-FBD2-4363-B81D-619064FBA9F7,MSPaint,Remix3D
44:07.2,s:1514F873-FBD2-4363-B81D-619064FBA9F7,MSPaint,Remix3D
44:06.9,s:9D1585D7-10F0-4841-94D4-2C76FF288CA2,MSPaint,Remix3D
44:06.8,s:9D1585D7-10F0-4841-94D4-2C76FF288CA2,MSPaint,Remix3D
44:06.7,s:9D1585D7-10F0-4841-94D4-2C76FF288CA2,MSPaint,Remix3D
44:06.6,s:9D1585D7-10F0-4841-94D4-2C76FF288CA2,MSPaint,Remix3D
44:06.4,s:E54A2162-6797-4790-AC0F-6C6F1E987C9D,MSPaint,Remix3D
44:05.6,s:881DE860-5165-4341-89DA-2B81EBF89EA4,MSPaint,Remix3D
44:05.4,s:E54A2162-6797-4790-AC0F-6C6F1E987C9D,MSPaint,Remix3D
44:04.7,s:38822E0C-BD5F-4E2D-A101-30345EF08C25,MSPaint,Remix3D
44:03.7,s:1514F873-FBD2-4363-B81D-619064FBA9F7,MSPaint,Remix3D
44:03.7,s:1514F873-FBD2-4363-B81D-619064FBA9F7,MSPaint,Remix3D
44:03.1,s:38822E0C-BD5F-4E2D-A101-30345EF08C25,MSPaint,Remix3D
44:02.1,s:9D1585D7-10F0-4841-94D4-2C76FF288CA2,MSPaint,Remix3D
44:00.9,s:9D1585D7-10F0-4841-94D4-2C76FF288CA2,MSPaint,Remix3D
44:00.6,s:38822E0C-BD5F-4E2D-A101-30345EF08C25,MSPaint,Remix3D
44:00.1,s:9D1585D7-10F0-4841-94D4-2C76FF288CA2,MSPaint,Remix3D
43:59.7,s:9D1585D7-10F0-4841-94D4-2C76FF288CA2,MSPaint,Remix3D
43:59.4,s:38822E0C-BD5F-4E2D-A101-30345EF08C25,MSPaint,Remix3D
43:59.2,s:1514F873-FBD2-4363-B81D-619064FBA9F7,MSPaint,Remix3D
43:59.1,s:9D1585D7-10F0-4841-94D4-2C76FF288CA2,MSPaint,Remix3D
43:59.0,s:9D1585D7-10F0-4841-94D4-2C76FF288CA2,MSPaint,Remix3D
43:57.9,s:9D1585D7-10F0-4841-94D4-2C76FF288CA2,MSPaint,Remix3D
43:57.6,s:38822E0C-BD5F-4E2D-A101-30345EF08C25,MSPaint,Remix3D
43:57.6,s:9D1585D7-10F0-4841-94D4-2C76FF288CA2,MSPaint,Remix3D
43:56.6,s:38822E0C-BD5F-4E2D-A101-30345EF08C25,MSPaint,Remix3D
43:56.6,s:38822E0C-BD5F-4E2D-A101-30345EF08C25,MSPaint,Remix3D
43:56.4,s:9D1585D7-10F0-4841-94D4-2C76FF288CA2,MSPaint,Remix3D
43:55.5,s:1514F873-FBD2-4363-B81D-619064FBA9F7,MSPaint,Remix3D
43:54.3,s:9D1585D7-10F0-4841-94D4-2C76FF288CA2,MSPaint,Remix3D
43:54.0,s:1514F873-FBD2-4363-B81D-619064FBA9F7,MSPaint,Remix3D
43:52.1,s:38822E0C-BD5F-4E2D-A101-30345EF08C25,MSPaint,Remix3D
43:52.0,s:38822E0C-BD5F-4E2D-A101-30345EF08C25,MSPaint,Remix3D
43:51.6,s:38822E0C-BD5F-4E2D-A101-30345EF08C25,MSPaint,Remix3D
43:50.7,s:38822E0C-BD5F-4E2D-A101-30345EF08C25,MSPaint,Remix3D
43:50.2,s:38822E0C-BD5F-4E2D-A101-30345EF08C25,MSPaint,Remix3D
43:50.2,s:E02F9F59-858B-44A0-A8B3-499E4AF0C64A,MSPaint,Remix3D
43:50.1,s:38822E0C-BD5F-4E2D-A101-30345EF08C25,MSPaint,Remix3D
43:49.6,s:9E263AA0-97B2-4E4C-A816-CED94FC018D1,MSPaint,Remix3D
43:49.4,s:38822E0C-BD5F-4E2D-A101-30345EF08C25,MSPaint,Remix3D
43:48.6,s:38822E0C-BD5F-4E2D-A101-30345EF08C25,MSPaint,Remix3D
43:47.1,s:1514F873-FBD2-4363-B81D-619064FBA9F7,MSPaint,Remix3D
43:47.0,s:E54A2162-6797-4790-AC0F-6C6F1E987C9D,MSPaint,Remix3D
43:46.1,s:1514F873-FBD2-4363-B81D-619064FBA9F7,MSPaint,Remix3D
43:45.4,s:E02F9F59-858B-44A0-A8B3-499E4AF0C64A,MSPaint,Remix3D
43:45.0,s:38822E0C-BD5F-4E2D-A101-30345EF08C25,MSPaint,Remix3D
43:44.5,s:1514F873-FBD2-4363-B81D-619064FBA9F7,MSPaint,Remix3D
43:44.1,s:1514F873-FBD2-4363-B81D-619064FBA9F7,MSPaint,Remix3D
43:37.2,s:1514F873-FBD2-4363-B81D-619064FBA9F7,MSPaint,Remix3D
43:37.2,s:1514F873-FBD2-4363-B81D-619064FBA9F7,MSPaint,Remix3D
43:35.0,s:1514F873-FBD2-4363-B81D-619064FBA9F7,MSPaint,Remix3D
43:33.5,s:3FC95697-9917-4767-93B2-AA2DBE7EBC16,MSPaint,Remix3D
43:33.4,s:D46AAF8B-FDF1-4BEC-BF54-4FDC1C79446C,MSPaint,Remix3D
43:32.1,s:1514F873-FBD2-4363-B81D-619064FBA9F7,MSPaint,Remix3D
43:32.1,s:1514F873-FBD2-4363-B81D-619064FBA9F7,MSPaint,Remix3D
43:31.9,s:C24C86F3-0371-4CBB-8DC5-857FBEB318AE,MSPaint,Remix3D
43:31.7,s:9BDA4393-27E0-4FF4-9278-59DE399064C9,MSPaint,Remix3D
43:28.5,s:3FC95697-9917-4767-93B2-AA2DBE7EBC16,MSPaint,Remix3D
43:28.4,s:2A326C58-5A79-48DA-B9E8-34427CF8F03D,MSPaint,Remix3D
43:27.8,s:C24C86F3-0371-4CBB-8DC5-857FBEB318AE,MSPaint,Remix3D
43:26.4,s:3FC95697-9917-4767-93B2-AA2DBE7EBC16,MSPaint,Remix3D
43:25.3,s:3FC95697-9917-4767-93B2-AA2DBE7EBC16,MSPaint,Remix3D
43:24.7,s:38822E0C-BD5F-4E2D-A101-30345EF08C25,MSPaint,Remix3D
43:24.6,s:38822E0C-BD5F-4E2D-A101-30345EF08C25,MSPaint,Remix3D
43:24.2,s:4081D96E-D3BC-4240-B583-94C3814AC76F,MSPaint,Remix3D
43:24.0,s:3FC95697-9917-4767-93B2-AA2DBE7EBC16,MSPaint,Remix3D
43:22.8,s:C24C86F3-0371-4CBB-8DC5-857FBEB318AE,MSPaint,Remix3D
43:22.6,s:BC352406-DFD7-46F9-B5E0-8810F4030751,MSPaint,Remix3D
43:22.2,s:4081D96E-D3BC-4240-B583-94C3814AC76F,MSPaint,Remix3D
43:22.0,s:1514F873-FBD2-4363-B81D-619064FBA9F7,MSPaint,Remix3D
43:21.0,s:3FC95697-9917-4767-93B2-AA2DBE7EBC16,MSPaint,Remix3D
43:20.7,s:43E3D459-9E29-4A00-AD87-42B16F7E4DBD,MSPaint,Remix3D
43:20.5,s:F56469C1-E8BB-484C-9234-A0AC68767F83,MSPaint,Remix3D
43:19.7,s:1514F873-FBD2-4363-B81D-619064FBA9F7,MSPaint,Remix3D
43:19.7,s:1514F873-FBD2-4363-B81D-619064FBA9F7,MSPaint,Remix3D
43:19.3,s:3FC95697-9917-4767-93B2-AA2DBE7EBC16,MSPaint,Remix3D
43:18.2,s:1514F873-FBD2-4363-B81D-619064FBA9F7,MSPaint,Remix3D
43:17.1,s:FF7D8200-4988-4943-BC64-136A5B91D2BE,MSPaint,Remix3D
43:16.6,s:3FC95697-9917-4767-93B2-AA2DBE7EBC16,MSPaint,Remix3D
43:15.8,s:D1B00721-1E81-4F88-B603-B396156D22CD,MSPaint,Remix3D
43:15.7,s:1514F873-FBD2-4363-B81D-619064FBA9F7,MSPaint,Remix3D
43:15.7,s:4081D96E-D3BC-4240-B583-94C3814AC76F,MSPaint,Remix3D
43:15.3,s:3FC95697-9917-4767-93B2-AA2DBE7EBC16,MSPaint,Remix3D
43:14.8,s:4081D96E-D3BC-4240-B583-94C3814AC76F,MSPaint,Remix3D
43:13.1,s:C24C86F3-0371-4CBB-8DC5-857FBEB318AE,MSPaint,Remix3D
43:13.0,s:4081D96E-D3BC-4240-B583-94C3814AC76F,MSPaint,Remix3D
43:12.5,s:E85B1EA6-BFD4-44C9-A2E5-700CEEC40492,MSPaint,Remix3D
43:11.7,s:4081D96E-D3BC-4240-B583-94C3814AC76F,MSPaint,Remix3D
43:11.4,s:38822E0C-BD5F-4E2D-A101-30345EF08C25,MSPaint,Remix3D
43:10.5,s:3FC95697-9917-4767-93B2-AA2DBE7EBC16,MSPaint,Remix3D
43:09.3,s:1514F873-FBD2-4363-B81D-619064FBA9F7,MSPaint,Remix3D
43:08.8,s:4081D96E-D3BC-4240-B583-94C3814AC76F,MSPaint,Remix3D
43:07.4,s:881DE860-5165-4341-89DA-2B81EBF89EA4,MSPaint,Remix3D
43:07.2,s:3FC95697-9917-4767-93B2-AA2DBE7EBC16,MSPaint,Remix3D
43:06.3,s:1514F873-FBD2-4363-B81D-619064FBA9F7,MSPaint,Remix3D
43:06.3,s:1514F873-FBD2-4363-B81D-619064FBA9F7,MSPaint,Remix3D
43:05.9,s:4081D96E-D3BC-4240-B583-94C3814AC76F,MSPaint,Remix3D
43:05.4,s:3FC95697-9917-4767-93B2-AA2DBE7EBC16,MSPaint,Remix3D
43:05.4,s:38822E0C-BD5F-4E2D-A101-30345EF08C25,MSPaint,Remix3D
43:05.2,s:E54A2162-6797-4790-AC0F-6C6F1E987C9D,MSPaint,Remix3D
43:05.2,s:0AE5DA49-A911-4666-AA9E-A5F06ABEE9D1,MSPaint,Remix3D
43:04.8,s:2FD04A19-A2D7-40D2-9F9E-F10A61BC4D14,MSPaint,Remix3D
43:04.7,s:3FC95697-9917-4767-93B2-AA2DBE7EBC16,MSPaint,Remix3D
43:04.1,s:2CE10CF5-5B38-440E-92AF-4465254FBD43,MSPaint,Remix3D
43:04.1,s:2CE10CF5-5B38-440E-92AF-4465254FBD43,MSPaint,Remix3D
43:03.6,s:3FC95697-9917-4767-93B2-AA2DBE7EBC16,MSPaint,Remix3D
43:03.5,s:2CE10CF5-5B38-440E-92AF-4465254FBD43,MSPaint,Remix3D
43:02.7,s:C24C86F3-0371-4CBB-8DC5-857FBEB318AE,MSPaint,Remix3D
43:01.8,s:2CE10CF5-5B38-440E-92AF-4465254FBD43,MSPaint,Remix3D
43:01.5,s:3FC95697-9917-4767-93B2-AA2DBE7EBC16,MSPaint,Remix3D
43:00.5,s:C24C86F3-0371-4CBB-8DC5-857FBEB318AE,MSPaint,Remix3D
42:59.4,s:3FC95697-9917-4767-93B2-AA2DBE7EBC16,MSPaint,Remix3D
42:56.2,s:4081D96E-D3BC-4240-B583-94C3814AC76F,MSPaint,Remix3D
42:54.6,s:4081D96E-D3BC-4240-B583-94C3814AC76F,MSPaint,Remix3D
42:53.9,s:4081D96E-D3BC-4240-B583-94C3814AC76F,MSPaint,Remix3D
42:53.0,s:2FD04A19-A2D7-40D2-9F9E-F10A61BC4D14,MSPaint,Remix3D
42:52.2,s:2FD04A19-A2D7-40D2-9F9E-F10A61BC4D14,MSPaint,Remix3D
42:51.6,s:2FD04A19-A2D7-40D2-9F9E-F10A61BC4D14,MSPaint,Remix3D
42:50.5,s:4081D96E-D3BC-4240-B583-94C3814AC76F,MSPaint,Remix3D
42:50.0,s:E02F9F59-858B-44A0-A8B3-499E4AF0C64A,MSPaint,Remix3D
42:49.3,s:9E263AA0-97B2-4E4C-A816-CED94FC018D1,MSPaint,Remix3D
42:46.5,s:38822E0C-BD5F-4E2D-A101-30345EF08C25,MSPaint,Remix3D
42:46.5,s:38822E0C-BD5F-4E2D-A101-30345EF08C25,MSPaint,Remix3D
42:45.6,s:38822E0C-BD5F-4E2D-A101-30345EF08C25,MSPaint,Remix3D
42:45.5,s:38822E0C-BD5F-4E2D-A101-30345EF08C25,MSPaint,Remix3D
42:44.5,s:1514F873-FBD2-4363-B81D-619064FBA9F7,MSPaint,Remix3D
42:44.5,s:1514F873-FBD2-4363-B81D-619064FBA9F7,MSPaint,Remix3D
42:44.1,s:1514F873-FBD2-4363-B81D-619064FBA9F7,MSPaint,Remix3D
42:42.9,s:4081D96E-D3BC-4240-B583-94C3814AC76F,MSPaint,Remix3D
42:42.2,s:C24C86F3-0371-4CBB-8DC5-857FBEB318AE,MSPaint,Remix3D
42:40.4,s:4081D96E-D3BC-4240-B583-94C3814AC76F,MSPaint,Remix3D
42:39.5,s:38822E0C-BD5F-4E2D-A101-30345EF08C25,MSPaint,Remix3D
42:38.8,s:C24C86F3-0371-4CBB-8DC5-857FBEB318AE,MSPaint,Remix3D
42:38.2,s:4081D96E-D3BC-4240-B583-94C3814AC76F,MSPaint,Remix3D
42:37.7,s:38822E0C-BD5F-4E2D-A101-30345EF08C25,MSPaint,Remix3D
42:36.0,s:4081D96E-D3BC-4240-B583-94C3814AC76F,MSPaint,Remix3D
42:35.5,s:6BA407DC-47F7-4C99-B01B-086F07778621,MSPaint,Remix3D
42:35.2,s:6BA407DC-47F7-4C99-B01B-086F07778621,MSPaint,Remix3D
42:35.1,s:6BA407DC-47F7-4C99-B01B-086F07778621,MSPaint,Remix3D
42:34.9,s:38822E0C-BD5F-4E2D-A101-30345EF08C25,MSPaint,Remix3D
42:34.8,s:6BA407DC-47F7-4C99-B01B-086F07778621,MSPaint,Remix3D
42:34.7,s:6BA407DC-47F7-4C99-B01B-086F07778621,MSPaint,Remix3D
42:34.6,s:6BA407DC-47F7-4C99-B01B-086F07778621,MSPaint,Remix3D
42:34.4,s:6BA407DC-47F7-4C99-B01B-086F07778621,MSPaint,Remix3D
42:34.3,s:6BA407DC-47F7-4C99-B01B-086F07778621,MSPaint,Remix3D
42:33.5,s:6BA407DC-47F7-4C99-B01B-086F07778621,MSPaint,Remix3D
42:33.4,s:6BA407DC-47F7-4C99-B01B-086F07778621,MSPaint,Remix3D
42:33.3,s:D46AAF8B-FDF1-4BEC-BF54-4FDC1C79446C,MSPaint,Remix3D
42:33.2,s:6BA407DC-47F7-4C99-B01B-086F07778621,MSPaint,Remix3D
42:33.1,s:6BA407DC-47F7-4C99-B01B-086F07778621,MSPaint,Remix3D
42:32.5,s:38822E0C-BD5F-4E2D-A101-30345EF08C25,MSPaint,Remix3D
42:32.1,s:38822E0C-BD5F-4E2D-A101-30345EF08C25,MSPaint,Remix3D
42:31.8,s:4081D96E-D3BC-4240-B583-94C3814AC76F,MSPaint,Remix3D
42:31.6,s:9BDA4393-27E0-4FF4-9278-59DE399064C9,MSPaint,Remix3D
42:31.5,s:6BA407DC-47F7-4C99-B01B-086F07778621,MSPaint,Remix3D
42:31.2,s:6BA407DC-47F7-4C99-B01B-086F07778621,MSPaint,Remix3D
42:30.5,s:6BA407DC-47F7-4C99-B01B-086F07778621,MSPaint,Remix3D
42:30.5,s:6BA407DC-47F7-4C99-B01B-086F07778621,MSPaint,Remix3D
42:30.1,s:6BA407DC-47F7-4C99-B01B-086F07778621,MSPaint,Remix3D
42:30.1,s:4081D96E-D3BC-4240-B583-94C3814AC76F,MSPaint,Remix3D
42:29.7,s:1514F873-FBD2-4363-B81D-619064FBA9F7,MSPaint,Remix3D
42:29.7,s:1514F873-FBD2-4363-B81D-619064FBA9F7,MSPaint,Remix3D
42:29.6,s:38822E0C-BD5F-4E2D-A101-30345EF08C25,MSPaint,Remix3D
42:29.5,s:6BA407DC-47F7-4C99-B01B-086F07778621,MSPaint,Remix3D
42:29.2,s:6BA407DC-47F7-4C99-B01B-086F07778621,MSPaint,Remix3D
42:29.2,s:6BA407DC-47F7-4C99-B01B-086F07778621,MSPaint,Remix3D
42:28.9,s:6BA407DC-47F7-4C99-B01B-086F07778621,MSPaint,Remix3D
42:28.8,s:6BA407DC-47F7-4C99-B01B-086F07778621,MSPaint,Remix3D
42:28.3,s:2A326C58-5A79-48DA-B9E8-34427CF8F03D,MSPaint,Remix3D
42:28.2,s:1514F873-FBD2-4363-B81D-619064FBA9F7,MSPaint,Remix3D
42:28.1,s:38822E0C-BD5F-4E2D-A101-30345EF08C25,MSPaint,Remix3D
42:27.6,s:6BA407DC-47F7-4C99-B01B-086F07778621,MSPaint,Remix3D
42:27.3,s:7718FA4D-729B-4EDE-AD0F-BB5C01891187,MSPaint,Remix3D
42:26.5,s:4081D96E-D3BC-4240-B583-94C3814AC76F,MSPaint,Remix3D
42:25.6,s:6BA407DC-47F7-4C99-B01B-086F07778621,MSPaint,Remix3D
42:25.2,s:09A114B4-0871-445D-8371-0372E9343FCD,MSPaint,Remix3D
42:24.9,s:4081D96E-D3BC-4240-B583-94C3814AC76F,MSPaint,Remix3D
42:24.8,s:1514F873-FBD2-4363-B81D-619064FBA9F7,MSPaint,Remix3D
42:24.8,s:6BA407DC-47F7-4C99-B01B-086F07778621,MSPaint,Remix3D
42:24.7,s:6BA407DC-47F7-4C99-B01B-086F07778621,MSPaint,Remix3D
42:24.4,s:6BA407DC-47F7-4C99-B01B-086F07778621,MSPaint,Remix3D
42:24.2,s:09A114B4-0871-445D-8371-0372E9343FCD,MSPaint,Remix3D
42:23.7,s:09A114B4-0871-445D-8371-0372E9343FCD,MSPaint,Remix3D
42:23.4,s:09A114B4-0871-445D-8371-0372E9343FCD,MSPaint,Remix3D
42:23.3,s:6BA407DC-47F7-4C99-B01B-086F07778621,MSPaint,Remix3D
42:23.2,s:1514F873-FBD2-4363-B81D-619064FBA9F7,MSPaint,Remix3D
42:23.1,s:1514F873-FBD2-4363-B81D-619064FBA9F7,MSPaint,Remix3D
42:23.1,s:09A114B4-0871-445D-8371-0372E9343FCD,MSPaint,Remix3D
42:22.9,s:6BA407DC-47F7-4C99-B01B-086F07778621,MSPaint,Remix3D
42:22.9,s:6BA407DC-47F7-4C99-B01B-086F07778621,MSPaint,Remix3D
42:22.7,s:09A114B4-0871-445D-8371-0372E9343FCD,MSPaint,Remix3D
42:22.5,s:BC352406-DFD7-46F9-B5E0-8810F4030751,MSPaint,Remix3D
42:22.5,s:09A114B4-0871-445D-8371-0372E9343FCD,MSPaint,Remix3D
42:22.3,s:6BA407DC-47F7-4C99-B01B-086F07778621,MSPaint,Remix3D
42:22.2,s:6BA407DC-47F7-4C99-B01B-086F07778621,MSPaint,Remix3D
42:22.0,s:38822E0C-BD5F-4E2D-A101-30345EF08C25,MSPaint,Remix3D
42:21.9,s:6BA407DC-47F7-4C99-B01B-086F07778621,MSPaint,Remix3D
42:21.1,s:4081D96E-D3BC-4240-B583-94C3814AC76F,MSPaint,Remix3D
42:20.3,s:F56469C1-E8BB-484C-9234-A0AC68767F83,MSPaint,Remix3D
42:20.2,s:6BA407DC-47F7-4C99-B01B-086F07778621,MSPaint,Remix3D
42:20.1,s:43E3D459-9E29-4A00-AD87-42B16F7E4DBD,MSPaint,Remix3D
42:20.0,s:1514F873-FBD2-4363-B81D-619064FBA9F7,MSPaint,Remix3D
42:19.4,s:4081D96E-D3BC-4240-B583-94C3814AC76F,MSPaint,Remix3D
42:17.6,s:1514F873-FBD2-4363-B81D-619064FBA9F7,MSPaint,Remix3D
42:17.3,s:6BA407DC-47F7-4C99-B01B-086F07778621,MSPaint,Remix3D
42:17.0,s:6BA407DC-47F7-4C99-B01B-086F07778621,MSPaint,Remix3D
42:17.0,s:6BA407DC-47F7-4C99-B01B-086F07778621,MSPaint,Remix3D
42:16.6,s:6BA407DC-47F7-4C99-B01B-086F07778621,MSPaint,Remix3D
42:16.5,s:FF7D8200-4988-4943-BC64-136A5B91D2BE,MSPaint,Remix3D
42:16.3,s:6BA407DC-47F7-4C99-B01B-086F07778621,MSPaint,Remix3D
42:16.2,s:4081D96E-D3BC-4240-B583-94C3814AC76F,MSPaint,Remix3D
42:16.1,s:4E5631B5-993E-4A82-BE4A-E8318EDE5A9B,MSPaint,Remix3D
42:16.0,s:6BA407DC-47F7-4C99-B01B-086F07778621,MSPaint,Remix3D
42:16.0,s:6BA407DC-47F7-4C99-B01B-086F07778621,MSPaint,Remix3D
42:15.4,s:D1B00721-1E81-4F88-B603-B396156D22CD,MSPaint,Remix3D
42:14.3,s:6BA407DC-47F7-4C99-B01B-086F07778621,MSPaint,Remix3D
42:14.3,s:6BA407DC-47F7-4C99-B01B-086F07778621,MSPaint,Remix3D
42:14.0,s:6BA407DC-47F7-4C99-B01B-086F07778621,MSPaint,Remix3D
42:13.7,s:6BA407DC-47F7-4C99-B01B-086F07778621,MSPaint,Remix3D
42:13.7,s:6BA407DC-47F7-4C99-B01B-086F07778621,MSPaint,Remix3D
42:13.5,s:38822E0C-BD5F-4E2D-A101-30345EF08C25,MSPaint,Remix3D
42:13.0,s:6BA407DC-47F7-4C99-B01B-086F07778621,MSPaint,Remix3D
42:12.9,s:6BA407DC-47F7-4C99-B01B-086F07778621,MSPaint,Remix3D
42:12.8,s:C24C86F3-0371-4CBB-8DC5-857FBEB318AE,MSPaint,Remix3D
42:12.6,s:6BA407DC-47F7-4C99-B01B-086F07778621,MSPaint,Remix3D
42:12.5,s:6BA407DC-47F7-4C99-B01B-086F07778621,MSPaint,Remix3D
42:12.3,s:1514F873-FBD2-4363-B81D-619064FBA9F7,MSPaint,Remix3D
42:12.3,s:1514F873-FBD2-4363-B81D-619064FBA9F7,MSPaint,Remix3D
42:12.3,s:6BA407DC-47F7-4C99-B01B-086F07778621,MSPaint,Remix3D
42:11.9,s:6BA407DC-47F7-4C99-B01B-086F07778621,MSPaint,Remix3D
42:11.5,s:6BA407DC-47F7-4C99-B01B-086F07778621,MSPaint,Remix3D
42:11.4,s:6BA407DC-47F7-4C99-B01B-086F07778621,MSPaint,Remix3D
42:11.1,s:6BA407DC-47F7-4C99-B01B-086F07778621,MSPaint,Remix3D
42:10.7,s:6BA407DC-47F7-4C99-B01B-086F07778621,MSPaint,Remix3D
42:10.5,s:E85B1EA6-BFD4-44C9-A2E5-700CEEC40492,MSPaint,Remix3D
42:10.4,s:6BA407DC-47F7-4C99-B01B-086F07778621,MSPaint,Remix3D
42:10.3,s:38822E0C-BD5F-4E2D-A101-30345EF08C25,MSPaint,Remix3D
42:10.0,s:6BA407DC-47F7-4C99-B01B-086F07778621,MSPaint,Remix3D
42:10.0,s:6BA407DC-47F7-4C99-B01B-086F07778621,MSPaint,Remix3D
42:08.9,s:6BA407DC-47F7-4C99-B01B-086F07778621,MSPaint,Remix3D
42:08.9,s:6BA407DC-47F7-4C99-B01B-086F07778621,MSPaint,Remix3D
42:08.6,s:6BA407DC-47F7-4C99-B01B-086F07778621,MSPaint,Remix3D
42:08.2,s:6BA407DC-47F7-4C99-B01B-086F07778621,MSPaint,Remix3D
42:08.2,s:6BA407DC-47F7-4C99-B01B-086F07778621,MSPaint,Remix3D
42:07.9,s:6BA407DC-47F7-4C99-B01B-086F07778621,MSPaint,Remix3D
42:07.9,s:6BA407DC-47F7-4C99-B01B-086F07778621,MSPaint,Remix3D
42:07.5,s:6BA407DC-47F7-4C99-B01B-086F07778621,MSPaint,Remix3D
42:07.3,s:881DE860-5165-4341-89DA-2B81EBF89EA4,MSPaint,Remix3D
42:07.2,s:6BA407DC-47F7-4C99-B01B-086F07778621,MSPaint,Remix3D
42:07.2,s:6BA407DC-47F7-4C99-B01B-086F07778621,MSPaint,Remix3D
42:06.8,s:6BA407DC-47F7-4C99-B01B-086F07778621,MSPaint,Remix3D
42:06.4,s:4081D96E-D3BC-4240-B583-94C3814AC76F,MSPaint,Remix3D
42:06.1,s:1514F873-FBD2-4363-B81D-619064FBA9F7,MSPaint,Remix3D
42:05.8,s:6BA407DC-47F7-4C99-B01B-086F07778621,MSPaint,Remix3D
42:05.5,s:6BA407DC-47F7-4C99-B01B-086F07778621,MSPaint,Remix3D
42:05.1,s:E54A2162-6797-4790-AC0F-6C6F1E987C9D,MSPaint,Remix3D
42:05.0,s:0AE5DA49-A911-4666-AA9E-A5F06ABEE9D1,MSPaint,Remix3D
42:03.3,s:6BA407DC-47F7-4C99-B01B-086F07778621,MSPaint,Remix3D
42:03.3,s:6BA407DC-47F7-4C99-B01B-086F07778621,MSPaint,Remix3D
42:03.2,s:38822E0C-BD5F-4E2D-A101-30345EF08C25,MSPaint,Remix3D
42:03.1,s:6BA407DC-47F7-4C99-B01B-086F07778621,MSPaint,Remix3D
42:02.7,s:6BA407DC-47F7-4C99-B01B-086F07778621,MSPaint,Remix3D
42:02.7,s:6BA407DC-47F7-4C99-B01B-086F07778621,MSPaint,Remix3D
42:02.3,s:6BA407DC-47F7-4C99-B01B-086F07778621,MSPaint,Remix3D
42:02.3,s:6BA407DC-47F7-4C99-B01B-086F07778621,MSPaint,Remix3D
42:02.0,s:6BA407DC-47F7-4C99-B01B-086F07778621,MSPaint,Remix3D
42:01.6,s:6BA407DC-47F7-4C99-B01B-086F07778621,MSPaint,Remix3D
42:01.4,s:D9A5EB2E-9C0E-44BC-BC03-531C4FF876E7,MSPaint,Remix3D
42:01.3,s:6BA407DC-47F7-4C99-B01B-086F07778621,MSPaint,Remix3D
42:01.2,s:38822E0C-BD5F-4E2D-A101-30345EF08C25,MSPaint,Remix3D
42:00.9,s:6BA407DC-47F7-4C99-B01B-086F07778621,MSPaint,Remix3D
42:00.9,s:6BA407DC-47F7-4C99-B01B-086F07778621,MSPaint,Remix3D
42:00.5,s:6BA407DC-47F7-4C99-B01B-086F07778621,MSPaint,Remix3D
41:59.9,s:2E9E583E-B2E5-4747-AA21-76A5E9020419,MSPaint,Remix3D
41:59.3,s:6BA407DC-47F7-4C99-B01B-086F07778621,MSPaint,Remix3D
41:59.0,s:38822E0C-BD5F-4E2D-A101-30345EF08C25,MSPaint,Remix3D
41:58.8,s:6BA407DC-47F7-4C99-B01B-086F07778621,MSPaint,Remix3D
41:58.8,s:6BA407DC-47F7-4C99-B01B-086F07778621,MSPaint,Remix3D
41:58.6,s:4081D96E-D3BC-4240-B583-94C3814AC76F,MSPaint,Remix3D
41:58.3,s:4081D96E-D3BC-4240-B583-94C3814AC76F,MSPaint,Remix3D
41:58.0,s:C24C86F3-0371-4CBB-8DC5-857FBEB318AE,MSPaint,Remix3D
41:57.9,s:6BA407DC-47F7-4C99-B01B-086F07778621,MSPaint,Remix3D
41:57.8,s:C24C86F3-0371-4CBB-8DC5-857FBEB318AE,MSPaint,Remix3D
41:57.6,s:6BA407DC-47F7-4C99-B01B-086F07778621,MSPaint,Remix3D
41:57.6,s:6BA407DC-47F7-4C99-B01B-086F07778621,MSPaint,Remix3D
41:57.3,s:6BA407DC-47F7-4C99-B01B-086F07778621,MSPaint,Remix3D
41:57.2,s:6BA407DC-47F7-4C99-B01B-086F07778621,MSPaint,Remix3D
41:56.9,s:4081D96E-D3BC-4240-B583-94C3814AC76F,MSPaint,Remix3D
41:56.9,s:6BA407DC-47F7-4C99-B01B-086F07778621,MSPaint,Remix3D
41:56.8,s:6BA407DC-47F7-4C99-B01B-086F07778621,MSPaint,Remix3D
41:56.6,s:4081D96E-D3BC-4240-B583-94C3814AC76F,MSPaint,Remix3D
41:56.5,s:6BA407DC-47F7-4C99-B01B-086F07778621,MSPaint,Remix3D
41:56.1,s:6BA407DC-47F7-4C99-B01B-086F07778621,MSPaint,Remix3D
41:56.1,s:6BA407DC-47F7-4C99-B01B-086F07778621,MSPaint,Remix3D
41:55.8,s:6BA407DC-47F7-4C99-B01B-086F07778621,MSPaint,Remix3D
41:55.5,s:6BA407DC-47F7-4C99-B01B-086F07778621,MSPaint,Remix3D
41:55.2,s:6BA407DC-47F7-4C99-B01B-086F07778621,MSPaint,Remix3D
41:54.9,s:4081D96E-D3BC-4240-B583-94C3814AC76F,MSPaint,Remix3D
41:54.8,s:6BA407DC-47F7-4C99-B01B-086F07778621,MSPaint,Remix3D
41:54.0,s:1514F873-FBD2-4363-B81D-619064FBA9F7,MSPaint,Remix3D
41:54.0,s:1514F873-FBD2-4363-B81D-619064FBA9F7,MSPaint,Remix3D
41:53.5,s:4081D96E-D3BC-4240-B583-94C3814AC76F,MSPaint,Remix3D
41:52.9,s:38822E0C-BD5F-4E2D-A101-30345EF08C25,MSPaint,Remix3D
41:52.0,s:6BA407DC-47F7-4C99-B01B-086F07778621,MSPaint,Remix3D
41:51.0,s:6BA407DC-47F7-4C99-B01B-086F07778621,MSPaint,Remix3D
41:50.8,s:1514F873-FBD2-4363-B81D-619064FBA9F7,MSPaint,Remix3D
41:50.2,s:6BA407DC-47F7-4C99-B01B-086F07778621,MSPaint,Remix3D
41:50.2,s:6BA407DC-47F7-4C99-B01B-086F07778621,MSPaint,Remix3D
41:50.0,s:6BA407DC-47F7-4C99-B01B-086F07778621,MSPaint,Remix3D
41:50.0,s:6BA407DC-47F7-4C99-B01B-086F07778621,MSPaint,Remix3D
41:49.8,s:E02F9F59-858B-44A0-A8B3-499E4AF0C64A,MSPaint,Remix3D
41:49.7,s:6BA407DC-47F7-4C99-B01B-086F07778621,MSPaint,Remix3D
41:49.1,s:9E263AA0-97B2-4E4C-A816-CED94FC018D1,MSPaint,Remix3D
41:48.1,s:4081D96E-D3BC-4240-B583-94C3814AC76F,MSPaint,Remix3D
41:45.6,s:1514F873-FBD2-4363-B81D-619064FBA9F7,MSPaint,Remix3D
41:45.5,s:1514F873-FBD2-4363-B81D-619064FBA9F7,MSPaint,Remix3D
41:44.8,s:6BA407DC-47F7-4C99-B01B-086F07778621,MSPaint,Remix3D
41:44.7,s:4081D96E-D3BC-4240-B583-94C3814AC76F,MSPaint,Remix3D
41:44.5,s:6BA407DC-47F7-4C99-B01B-086F07778621,MSPaint,Remix3D
41:44.5,s:3FC95697-9917-4767-93B2-AA2DBE7EBC16,MSPaint,Remix3D
41:44.5,s:6BA407DC-47F7-4C99-B01B-086F07778621,MSPaint,Remix3D
41:44.3,s:6BA407DC-47F7-4C99-B01B-086F07778621,MSPaint,Remix3D
41:44.2,s:6BA407DC-47F7-4C99-B01B-086F07778621,MSPaint,Remix3D
41:44.0,s:1514F873-FBD2-4363-B81D-619064FBA9F7,MSPaint,Remix3D
41:43.8,s:7307763F-6855-4DD6-946E-E8DE635CE4B9,MSPaint,Remix3D
41:42.8,s:6BA407DC-47F7-4C99-B01B-086F07778621,MSPaint,Remix3D
41:42.5,s:4081D96E-D3BC-4240-B583-94C3814AC76F,MSPaint,Remix3D
41:41.5,s:6BA407DC-47F7-4C99-B01B-086F07778621,MSPaint,Remix3D
41:41.0,s:6BA407DC-47F7-4C99-B01B-086F07778621,MSPaint,Remix3D
41:40.8,s:B35A9FFB-F426-4F87-98EB-76E8BE64C865,MSPaint,Remix3D
41:40.1,s:4081D96E-D3BC-4240-B583-94C3814AC76F,MSPaint,Remix3D
41:39.9,s:6BA407DC-47F7-4C99-B01B-086F07778621,MSPaint,Remix3D
41:39.9,s:6BA407DC-47F7-4C99-B01B-086F07778621,MSPaint,Remix3D
41:39.7,s:6BA407DC-47F7-4C99-B01B-086F07778621,MSPaint,Remix3D
41:39.3,s:6BA407DC-47F7-4C99-B01B-086F07778621,MSPaint,Remix3D
41:39.3,s:6BA407DC-47F7-4C99-B01B-086F07778621,MSPaint,Remix3D
41:39.0,s:1514F873-FBD2-4363-B81D-619064FBA9F7,MSPaint,Remix3D
41:39.0,s:1514F873-FBD2-4363-B81D-619064FBA9F7,MSPaint,Remix3D
41:38.9,s:6BA407DC-47F7-4C99-B01B-086F07778621,MSPaint,Remix3D
41:38.6,s:6BA407DC-47F7-4C99-B01B-086F07778621,MSPaint,Remix3D
41:38.3,s:6BA407DC-47F7-4C99-B01B-086F07778621,MSPaint,Remix3D
41:36.9,s:6BA407DC-47F7-4C99-B01B-086F07778621,MSPaint,Remix3D
41:36.8,s:6BA407DC-47F7-4C99-B01B-086F07778621,MSPaint,Remix3D
41:36.8,s:3FC95697-9917-4767-93B2-AA2DBE7EBC16,MSPaint,Remix3D
41:36.6,s:3FC95697-9917-4767-93B2-AA2DBE7EBC16,MSPaint,Remix3D
41:36.5,s:3FC95697-9917-4767-93B2-AA2DBE7EBC16,MSPaint,Remix3D
41:36.2,s:6BA407DC-47F7-4C99-B01B-086F07778621,MSPaint,Remix3D
41:36.2,s:6BA407DC-47F7-4C99-B01B-086F07778621,MSPaint,Remix3D
41:35.8,s:4081D96E-D3BC-4240-B583-94C3814AC76F,MSPaint,Remix3D
41:35.8,s:6BA407DC-47F7-4C99-B01B-086F07778621,MSPaint,Remix3D
41:35.8,s:6BA407DC-47F7-4C99-B01B-086F07778621,MSPaint,Remix3D
41:35.5,s:6BA407DC-47F7-4C99-B01B-086F07778621,MSPaint,Remix3D
41:35.0,s:6BA407DC-47F7-4C99-B01B-086F07778621,MSPaint,Remix3D
41:34.4,s:6BA407DC-47F7-4C99-B01B-086F07778621,MSPaint,Remix3D
41:34.2,s:4081D96E-D3BC-4240-B583-94C3814AC76F,MSPaint,Remix3D
41:33.8,s:38822E0C-BD5F-4E2D-A101-30345EF08C25,MSPaint,Remix3D
41:33.2,s:4081D96E-D3BC-4240-B583-94C3814AC76F,MSPaint,Remix3D
41:33.1,s:1514F873-FBD2-4363-B81D-619064FBA9F7,MSPaint,Remix3D
41:33.0,s:6BA407DC-47F7-4C99-B01B-086F07778621,MSPaint,Remix3D
41:33.0,s:6BA407DC-47F7-4C99-B01B-086F07778621,MSPaint,Remix3D
41:32.9,s:4081D96E-D3BC-4240-B583-94C3814AC76F,MSPaint,Remix3D
41:32.7,s:4081D96E-D3BC-4240-B583-94C3814AC76F,MSPaint,Remix3D
41:32.6,s:6BA407DC-47F7-4C99-B01B-086F07778621,MSPaint,Remix3D
41:32.4,s:6BA407DC-47F7-4C99-B01B-086F07778621,MSPaint,Remix3D
41:32.3,s:4081D96E-D3BC-4240-B583-94C3814AC76F,MSPaint,Remix3D
41:32.2,s:38822E0C-BD5F-4E2D-A101-30345EF08C25,MSPaint,Remix3D
41:32.1,s:6BA407DC-47F7-4C99-B01B-086F07778621,MSPaint,Remix3D
41:31.7,s:6BA407DC-47F7-4C99-B01B-086F07778621,MSPaint,Remix3D
41:31.7,s:6BA407DC-47F7-4C99-B01B-086F07778621,MSPaint,Remix3D
41:31.5,s:9BDA4393-27E0-4FF4-9278-59DE399064C9,MSPaint,Remix3D
41:31.4,s:6BA407DC-47F7-4C99-B01B-086F07778621,MSPaint,Remix3D
41:31.0,s:6BA407DC-47F7-4C99-B01B-086F07778621,MSPaint,Remix3D
41:30.9,s:7718FA4D-729B-4EDE-AD0F-BB5C01891187,MSPaint,Remix3D
41:30.7,s:6BA407DC-47F7-4C99-B01B-086F07778621,MSPaint,Remix3D
41:30.3,s:6BA407DC-47F7-4C99-B01B-086F07778621,MSPaint,Remix3D
41:30.3,s:CF5A0757-BCDD-48C3-8FEE-AB75115707A9,MSPaint,Remix3D
41:30.2,s:38822E0C-BD5F-4E2D-A101-30345EF08C25,MSPaint,Remix3D
41:29.7,s:CF5A0757-BCDD-48C3-8FEE-AB75115707A9,MSPaint,Remix3D
41:29.5,s:4081D96E-D3BC-4240-B583-94C3814AC76F,MSPaint,Remix3D
41:29.3,s:7D79DCA1-C3D2-4B0F-9E2F-946E091F52CA,MSPaint,Remix3D
41:29.1,s:38822E0C-BD5F-4E2D-A101-30345EF08C25,MSPaint,Remix3D
41:29.0,s:9981963B-E629-472A-B485-D115D7E57509,MSPaint,Remix3D
41:29.0,s:6BA407DC-47F7-4C99-B01B-086F07778621,MSPaint,Remix3D
41:28.8,s:A417A6FD-ADE1-4370-BF96-706ADFD5BD00,MSPaint,Remix3D
41:28.8,s:7718FA4D-729B-4EDE-AD0F-BB5C01891187,MSPaint,Remix3D
41:28.6,s:7718FA4D-729B-4EDE-AD0F-BB5C01891187,MSPaint,Remix3D
41:28.6,s:7718FA4D-729B-4EDE-AD0F-BB5C01891187,MSPaint,Remix3D
41:28.2,s:2A326C58-5A79-48DA-B9E8-34427CF8F03D,MSPaint,Remix3D
41:27.9,s:65756852-C627-4C52-8E7A-922BE959DB96,MSPaint,Remix3D
41:27.6,s:7718FA4D-729B-4EDE-AD0F-BB5C01891187,MSPaint,Remix3D
41:27.5,s:7718FA4D-729B-4EDE-AD0F-BB5C01891187,MSPaint,Remix3D
41:27.4,s:6BA407DC-47F7-4C99-B01B-086F07778621,MSPaint,Remix3D
41:27.2,s:E9F5374B-15B1-48BF-888F-C7EDE5C83183,MSPaint,Remix3D
41:26.9,s:6BA407DC-47F7-4C99-B01B-086F07778621,MSPaint,Remix3D
41:26.9,s:6BA407DC-47F7-4C99-B01B-086F07778621,MSPaint,Remix3D
41:26.6,s:6BA407DC-47F7-4C99-B01B-086F07778621,MSPaint,View3D
41:26.2,s:6BA407DC-47F7-4C99-B01B-086F07778621,MSPaint,Remix3D
41:25.9,s:6BA407DC-47F7-4C99-B01B-086F07778621,MSPaint,Remix3D
41:25.9,s:6BA407DC-47F7-4C99-B01B-086F07778621,MSPaint,Remix3D
41:25.8,s:9981963B-E629-472A-B485-D115D7E57509,MSPaint,Remix3D
41:25.6,s:4081D96E-D3BC-4240-B583-94C3814AC76F,MSPaint,View3D
41:25.5,s:6BA407DC-47F7-4C99-B01B-086F07778621,MSPaint,Remix3D
41:25.5,s:65756852-C627-4C52-8E7A-922BE959DB96,MSPaint,Remix3D
41:25.3,s:6BA407DC-47F7-4C99-B01B-086F07778621,MSPaint,Remix3D
41:25.2,s:3FC95697-9917-4767-93B2-AA2DBE7EBC16,MSPaint,Remix3D
41:25.1,s:65756852-C627-4C52-8E7A-922BE959DB96,MSPaint,Remix3D
41:24.9,s:6BA407DC-47F7-4C99-B01B-086F07778621,MSPaint,Remix3D
41:24.5,s:6BA407DC-47F7-4C99-B01B-086F07778621,MSPaint,Remix3D
41:24.5,s:6BA407DC-47F7-4C99-B01B-086F07778621,MSPaint,Remix3D
41:24.3,s:4081D96E-D3BC-4240-B583-94C3814AC76F,MSPaint,Remix3D
41:24.2,s:6BA407DC-47F7-4C99-B01B-086F07778621,MSPaint,Remix3D
41:23.9,s:C24C86F3-0371-4CBB-8DC5-857FBEB318AE,MSPaint,Remix3D
41:23.8,s:6BA407DC-47F7-4C99-B01B-086F07778621,MSPaint,Remix3D
41:23.6,s:6BA407DC-47F7-4C99-B01B-086F07778621,MSPaint,Remix3D
41:23.3,s:6BA407DC-47F7-4C99-B01B-086F07778621,MSPaint,Remix3D
41:23.2,s:4081D96E-D3BC-4240-B583-94C3814AC76F,MSPaint,Remix3D
41:23.0,s:6BA407DC-47F7-4C99-B01B-086F07778621,MSPaint,Remix3D
41:23.0,s:6BA407DC-47F7-4C99-B01B-086F07778621,MSPaint,Remix3D
41:22.8,s:6BA407DC-47F7-4C99-B01B-086F07778621,MSPaint,Remix3D
41:22.7,s:9981963B-E629-472A-B485-D115D7E57509,MSPaint,Remix3D
41:22.7,s:9981963B-E629-472A-B485-D115D7E57509,MSPaint,Remix3D
41:22.6,s:6BA407DC-47F7-4C99-B01B-086F07778621,MSPaint,Remix3D
41:22.4,s:BC352406-DFD7-46F9-B5E0-8810F4030751,MSPaint,View3D
41:22.4,s:38822E0C-BD5F-4E2D-A101-30345EF08C25,MSPaint,Remix3D
41:22.3,s:38822E0C-BD5F-4E2D-A101-30345EF08C25,MSPaint,Remix3D
41:22.1,s:6BA407DC-47F7-4C99-B01B-086F07778621,MSPaint,Remix3D
41:21.9,s:9981963B-E629-472A-B485-D115D7E57509,MSPaint,Remix3D
41:21.8,s:6BA407DC-47F7-4C99-B01B-086F07778621,MSPaint,Remix3D
41:21.7,s:4081D96E-D3BC-4240-B583-94C3814AC76F,MSPaint,Remix3D
41:21.5,s:6BA407DC-47F7-4C99-B01B-086F07778621,MSPaint,Remix3D
41:21.5,s:6BA407DC-47F7-4C99-B01B-086F07778621,MSPaint,Remix3D
41:21.1,s:6BA407DC-47F7-4C99-B01B-086F07778621,MSPaint,Remix3D
41:20.9,s:9981963B-E629-472A-B485-D115D7E57509,MSPaint,Remix3D
41:20.6,s:6BA407DC-47F7-4C99-B01B-086F07778621,MSPaint,Remix3D
41:20.5,s:38822E0C-BD5F-4E2D-A101-30345EF08C25,MSPaint,Remix3D
41:20.4,s:1514F873-FBD2-4363-B81D-619064FBA9F7,MSPaint,Remix3D
41:20.2,s:9981963B-E629-472A-B485-D115D7E57509,MSPaint,Remix3D
41:19.9,s:6BA407DC-47F7-4C99-B01B-086F07778621,MSPaint,Remix3D
41:19.7,s:43E3D459-9E29-4A00-AD87-42B16F7E4DBD,MSPaint,Remix3D
41:19.2,s:65756852-C627-4C52-8E7A-922BE959DB96,MSPaint,Remix3D
41:18.8,s:38822E0C-BD5F-4E2D-A101-30345EF08C25,MSPaint,Remix3D
41:18.5,s:6BA407DC-47F7-4C99-B01B-086F07778621,MSPaint,Remix3D
41:18.3,s:9981963B-E629-472A-B485-D115D7E57509,MSPaint,Remix3D
41:18.2,s:1514F873-FBD2-4363-B81D-619064FBA9F7,MSPaint,Remix3D
41:18.2,s:6BA407DC-47F7-4C99-B01B-086F07778621,MSPaint,Remix3D
41:18.1,s:9981963B-E629-472A-B485-D115D7E57509,MSPaint,Remix3D
41:17.9,s:6BA407DC-47F7-4C99-B01B-086F07778621,MSPaint,Remix3D
41:17.9,s:6BA407DC-47F7-4C99-B01B-086F07778621,MSPaint,Remix3D
41:17.6,s:6BA407DC-47F7-4C99-B01B-086F07778621,MSPaint,Remix3D
41:17.2,s:65756852-C627-4C52-8E7A-922BE959DB96,MSPaint,Remix3D
41:17.1,s:65756852-C627-4C52-8E7A-922BE959DB96,MSPaint,Remix3D
41:17.0,s:65756852-C627-4C52-8E7A-922BE959DB96,MSPaint,Remix3D
41:16.5,s:1514F873-FBD2-4363-B81D-619064FBA9F7,MSPaint,Remix3D
41:16.4,s:65756852-C627-4C52-8E7A-922BE959DB96,MSPaint,Remix3D
41:16.2,s:6BA407DC-47F7-4C99-B01B-086F07778621,MSPaint,Remix3D
41:16.2,s:6BA407DC-47F7-4C99-B01B-086F07778621,MSPaint,Remix3D
41:15.9,s:4E5631B5-993E-4A82-BE4A-E8318EDE5A9B,MSPaint,Remix3D
41:15.8,s:6BA407DC-47F7-4C99-B01B-086F07778621,MSPaint,Remix3D
41:15.5,s:6BA407DC-47F7-4C99-B01B-086F07778621,MSPaint,View3D
41:15.5,s:6BA407DC-47F7-4C99-B01B-086F07778621,MSPaint,Remix3D
41:15.2,s:6BA407DC-47F7-4C99-B01B-086F07778621,MSPaint,Remix3D
41:15.1,s:6BA407DC-47F7-4C99-B01B-086F07778621,MSPaint,Remix3D
41:15.1,s:4081D96E-D3BC-4240-B583-94C3814AC76F,MSPaint,Remix3D
41:15.0,s:D1B00721-1E81-4F88-B603-B396156D22CD,MSPaint,Remix3D
41:14.8,s:6BA407DC-47F7-4C99-B01B-086F07778621,MSPaint,Remix3D
41:14.8,s:65756852-C627-4C52-8E7A-922BE959DB96,MSPaint,View3D
41:14.8,s:6BA407DC-47F7-4C99-B01B-086F07778621,MSPaint,View3D
41:14.5,s:65756852-C627-4C52-8E7A-922BE959DB96,MSPaint,Remix3D
41:14.5,s:6BA407DC-47F7-4C99-B01B-086F07778621,MSPaint,Remix3D
41:14.4,s:6BA407DC-47F7-4C99-B01B-086F07778621,MSPaint,Remix3D
41:14.2,s:2E9E583E-B2E5-4747-AA21-76A5E9020419,MSPaint,Remix3D
41:14.1,s:6BA407DC-47F7-4C99-B01B-086F07778621,MSPaint,Remix3D
41:13.8,s:6BA407DC-47F7-4C99-B01B-086F07778621,MSPaint,Remix3D
41:13.7,s:6BA407DC-47F7-4C99-B01B-086F07778621,MSPaint,Remix3D
41:13.7,s:FA06FBCB-F899-433F-B9AF-431F4626C802,MSPaint,Remix3D
41:13.7,s:FA06FBCB-F899-433F-B9AF-431F4626C802,MSPaint,Remix3D
41:13.4,s:6BA407DC-47F7-4C99-B01B-086F07778621,MSPaint,Remix3D
41:13.3,s:1514F873-FBD2-4363-B81D-619064FBA9F7,MSPaint,Remix3D
41:13.1,s:6BA407DC-47F7-4C99-B01B-086F07778621,MSPaint,Remix3D
41:13.0,s:6BA407DC-47F7-4C99-B01B-086F07778621,MSPaint,Remix3D
41:12.8,s:38822E0C-BD5F-4E2D-A101-30345EF08C25,MSPaint,Remix3D
41:12.8,s:38822E0C-BD5F-4E2D-A101-30345EF08C25,MSPaint,View3D
41:12.6,s:38822E0C-BD5F-4E2D-A101-30345EF08C25,MSPaint,Remix3D
41:12.4,s:C24C86F3-0371-4CBB-8DC5-857FBEB318AE,MSPaint,Remix3D
41:12.2,s:3B0FF61B-6C9E-4EAE-BE3D-EF9691ED2BD9,MSPaint,Remix3D
41:12.1,s:E9F5374B-15B1-48BF-888F-C7EDE5C83183,MSPaint,Remix3D
41:11.9,s:C24C86F3-0371-4CBB-8DC5-857FBEB318AE,MSPaint,Remix3D
41:11.9,s:E9F5374B-15B1-48BF-888F-C7EDE5C83183,MSPaint,Remix3D
41:11.8,s:38822E0C-BD5F-4E2D-A101-30345EF08C25,MSPaint,Remix3D
41:11.6,s:FA06FBCB-F899-433F-B9AF-431F4626C802,MSPaint,Remix3D
41:11.3,s:E54A2162-6797-4790-AC0F-6C6F1E987C9D,MSPaint,Remix3D
41:11.2,s:38822E0C-BD5F-4E2D-A101-30345EF08C25,MSPaint,View3D
41:11.1,s:1514F873-FBD2-4363-B81D-619064FBA9F7,MSPaint,Remix3D
41:10.7,s:4081D96E-D3BC-4240-B583-94C3814AC76F,MSPaint,Remix3D
41:09.6,s:C24C86F3-0371-4CBB-8DC5-857FBEB318AE,MSPaint,Remix3D
41:09.5,s:C24C86F3-0371-4CBB-8DC5-857FBEB318AE,MSPaint,Remix3D
41:09.1,s:4081D96E-D3BC-4240-B583-94C3814AC76F,MSPaint,Remix3D
41:08.9,s:3EFABF5C-A40F-4B53-BA32-AF9D84A5F082,MSPaint,Remix3D
41:08.6,s:6BA407DC-47F7-4C99-B01B-086F07778621,MSPaint,Remix3D
41:08.2,s:3EFABF5C-A40F-4B53-BA32-AF9D84A5F082,MSPaint,Remix3D
41:07.9,s:6BA407DC-47F7-4C99-B01B-086F07778621,MSPaint,Remix3D
41:07.7,s:E85B1EA6-BFD4-44C9-A2E5-700CEEC40492,MSPaint,Remix3D
41:07.3,s:4081D96E-D3BC-4240-B583-94C3814AC76F,MSPaint,Remix3D
41:07.1,s:3FC95697-9917-4767-93B2-AA2DBE7EBC16,MSPaint,Remix3D
41:06.8,s:6BA407DC-47F7-4C99-B01B-086F07778621,MSPaint,Remix3D
41:06.3,s:6BA407DC-47F7-4C99-B01B-086F07778621,MSPaint,Remix3D
41:06.3,s:6BA407DC-47F7-4C99-B01B-086F07778621,MSPaint,Remix3D
41:05.4,s:38822E0C-BD5F-4E2D-A101-30345EF08C25,MSPaint,Remix3D
41:05.2,s:6BA407DC-47F7-4C99-B01B-086F07778621,MSPaint,Remix3D
41:05.0,s:6BA407DC-47F7-4C99-B01B-086F07778621,MSPaint,Remix3D
41:04.9,s:6BA407DC-47F7-4C99-B01B-086F07778621,MSPaint,Remix3D
41:04.9,s:E54A2162-6797-4790-AC0F-6C6F1E987C9D,MSPaint,Remix3D
41:04.8,s:0AE5DA49-A911-4666-AA9E-A5F06ABEE9D1,MSPaint,Remix3D
41:04.6,s:6BA407DC-47F7-4C99-B01B-086F07778621,MSPaint,Remix3D
41:04.6,s:6BA407DC-47F7-4C99-B01B-086F07778621,MSPaint,Remix3D
41:04.3,s:6BA407DC-47F7-4C99-B01B-086F07778621,MSPaint,Remix3D
41:04.3,s:6BA407DC-47F7-4C99-B01B-086F07778621,MSPaint,Remix3D
41:04.2,s:C24C86F3-0371-4CBB-8DC5-857FBEB318AE,MSPaint,Remix3D
41:04.0,s:1514F873-FBD2-4363-B81D-619064FBA9F7,MSPaint,Remix3D
41:04.0,s:1514F873-FBD2-4363-B81D-619064FBA9F7,MSPaint,Remix3D
41:03.9,s:6BA407DC-47F7-4C99-B01B-086F07778621,MSPaint,Remix3D
41:03.6,s:6BA407DC-47F7-4C99-B01B-086F07778621,MSPaint,Remix3D
41:03.6,s:6BA407DC-47F7-4C99-B01B-086F07778621,MSPaint,Remix3D
41:03.3,s:6BA407DC-47F7-4C99-B01B-086F07778621,MSPaint,Remix3D
41:03.3,s:6BA407DC-47F7-4C99-B01B-086F07778621,MSPaint,Remix3D
41:03.0,s:6BA407DC-47F7-4C99-B01B-086F07778621,MSPaint,Remix3D
41:02.6,s:6BA407DC-47F7-4C99-B01B-086F07778621,MSPaint,Remix3D
41:02.6,s:6BA407DC-47F7-4C99-B01B-086F07778621,MSPaint,Remix3D
41:02.4,s:6BA407DC-47F7-4C99-B01B-086F07778621,MSPaint,Remix3D
41:02.3,s:3B0FF61B-6C9E-4EAE-BE3D-EF9691ED2BD9,MSPaint,Remix3D
41:02.2,s:6BA407DC-47F7-4C99-B01B-086F07778621,MSPaint,Remix3D
41:02.1,s:4081D96E-D3BC-4240-B583-94C3814AC76F,MSPaint,Remix3D
41:00.5,s:6BA407DC-47F7-4C99-B01B-086F07778621,MSPaint,Remix3D
41:00.5,s:6BA407DC-47F7-4C99-B01B-086F07778621,MSPaint,Remix3D
41:00.4,s:1514F873-FBD2-4363-B81D-619064FBA9F7,MSPaint,Remix3D
41:00.2,s:6BA407DC-47F7-4C99-B01B-086F07778621,MSPaint,Remix3D
40:59.9,s:6BA407DC-47F7-4C99-B01B-086F07778621,MSPaint,Remix3D
40:59.9,s:6BA407DC-47F7-4C99-B01B-086F07778621,MSPaint,Remix3D
40:59.5,s:6BA407DC-47F7-4C99-B01B-086F07778621,MSPaint,Remix3D
40:59.5,s:6BA407DC-47F7-4C99-B01B-086F07778621,MSPaint,Remix3D
40:59.3,s:C24C86F3-0371-4CBB-8DC5-857FBEB318AE,MSPaint,Remix3D
40:59.2,s:6BA407DC-47F7-4C99-B01B-086F07778621,MSPaint,Remix3D
40:59.1,s:6BA407DC-47F7-4C99-B01B-086F07778621,MSPaint,Remix3D
40:58.8,s:6BA407DC-47F7-4C99-B01B-086F07778621,MSPaint,Remix3D
40:58.8,s:6BA407DC-47F7-4C99-B01B-086F07778621,MSPaint,Remix3D
40:58.7,s:3B0FF61B-6C9E-4EAE-BE3D-EF9691ED2BD9,MSPaint,Remix3D
40:58.5,s:6BA407DC-47F7-4C99-B01B-086F07778621,MSPaint,Remix3D
40:57.8,s:DE825CEB-D33E-44ED-940B-F0946A779C9E,MSPaint,Remix3D
40:57.6,s:1514F873-FBD2-4363-B81D-619064FBA9F7,MSPaint,Remix3D
40:57.1,s:6BA407DC-47F7-4C99-B01B-086F07778621,MSPaint,Remix3D
40:57.1,s:6BA407DC-47F7-4C99-B01B-086F07778621,MSPaint,Remix3D
40:56.8,s:6BA407DC-47F7-4C99-B01B-086F07778621,MSPaint,Remix3D
40:56.6,s:9981963B-E629-472A-B485-D115D7E57509,MSPaint,Remix3D
40:56.0,s:6BA407DC-47F7-4C99-B01B-086F07778621,MSPaint,Remix3D
40:56.0,s:6BA407DC-47F7-4C99-B01B-086F07778621,MSPaint,Remix3D
40:55.9,s:3FC95697-9917-4767-93B2-AA2DBE7EBC16,MSPaint,Remix3D
40:55.6,s:6BA407DC-47F7-4C99-B01B-086F07778621,MSPaint,Remix3D
40:55.5,s:6BA407DC-47F7-4C99-B01B-086F07778621,MSPaint,Remix3D
40:55.3,s:3B0FF61B-6C9E-4EAE-BE3D-EF9691ED2BD9,MSPaint,Remix3D
40:55.3,s:3B0FF61B-6C9E-4EAE-BE3D-EF9691ED2BD9,MSPaint,Remix3D
40:55.2,s:6BA407DC-47F7-4C99-B01B-086F07778621,MSPaint,Remix3D
40:54.9,s:6BA407DC-47F7-4C99-B01B-086F07778621,MSPaint,Remix3D
40:54.9,s:6BA407DC-47F7-4C99-B01B-086F07778621,MSPaint,Remix3D
40:54.6,s:6BA407DC-47F7-4C99-B01B-086F07778621,MSPaint,Remix3D
40:54.5,s:6BA407DC-47F7-4C99-B01B-086F07778621,MSPaint,Remix3D
40:54.1,s:6BA407DC-47F7-4C99-B01B-086F07778621,MSPaint,Remix3D
40:54.1,s:6BA407DC-47F7-4C99-B01B-086F07778621,MSPaint,Remix3D
40:53.7,s:6BA407DC-47F7-4C99-B01B-086F07778621,MSPaint,Remix3D
40:53.6,s:3B0FF61B-6C9E-4EAE-BE3D-EF9691ED2BD9,MSPaint,Remix3D
40:53.6,s:3B0FF61B-6C9E-4EAE-BE3D-EF9691ED2BD9,MSPaint,Remix3D
40:53.5,s:3B0FF61B-6C9E-4EAE-BE3D-EF9691ED2BD9,MSPaint,Remix3D
40:53.4,s:6BA407DC-47F7-4C99-B01B-086F07778621,MSPaint,Remix3D
40:53.4,s:6BA407DC-47F7-4C99-B01B-086F07778621,MSPaint,Remix3D
40:53.0,s:6BA407DC-47F7-4C99-B01B-086F07778621,MSPaint,Remix3D
40:52.7,s:6BA407DC-47F7-4C99-B01B-086F07778621,MSPaint,Remix3D
40:52.6,s:3EFABF5C-A40F-4B53-BA32-AF9D84A5F082,MSPaint,Remix3D
40:52.4,s:6BA407DC-47F7-4C99-B01B-086F07778621,MSPaint,Remix3D
40:52.3,s:6BA407DC-47F7-4C99-B01B-086F07778621,MSPaint,Remix3D
40:52.2,s:3EFABF5C-A40F-4B53-BA32-AF9D84A5F082,MSPaint,Remix3D
40:52.0,s:6BA407DC-47F7-4C99-B01B-086F07778621,MSPaint,Remix3D
40:51.8,s:1514F873-FBD2-4363-B81D-619064FBA9F7,MSPaint,Remix3D
40:51.7,s:1514F873-FBD2-4363-B81D-619064FBA9F7,MSPaint,View3D
40:51.6,s:6BA407DC-47F7-4C99-B01B-086F07778621,MSPaint,Remix3D
40:51.6,s:6BA407DC-47F7-4C99-B01B-086F07778621,MSPaint,Remix3D
40:51.4,s:FA06FBCB-F899-433F-B9AF-431F4626C802,MSPaint,Remix3D
40:51.2,s:6BA407DC-47F7-4C99-B01B-086F07778621,MSPaint,Remix3D
40:51.0,s:6BA407DC-47F7-4C99-B01B-086F07778621,MSPaint,Remix3D
40:50.9,s:6BA407DC-47F7-4C99-B01B-086F07778621,MSPaint,Remix3D
40:50.8,s:38822E0C-BD5F-4E2D-A101-30345EF08C25,MSPaint,Remix3D
40:50.6,s:6BA407DC-47F7-4C99-B01B-086F07778621,MSPaint,Remix3D
40:50.4,s:3EFABF5C-A40F-4B53-BA32-AF9D84A5F082,MSPaint,Remix3D
40:50.4,s:3EFABF5C-A40F-4B53-BA32-AF9D84A5F082,MSPaint,View3D
40:50.3,s:3B0FF61B-6C9E-4EAE-BE3D-EF9691ED2BD9,MSPaint,Remix3D
40:49.9,s:3EFABF5C-A40F-4B53-BA32-AF9D84A5F082,MSPaint,Remix3D
40:49.7,s:E02F9F59-858B-44A0-A8B3-499E4AF0C64A,MSPaint,Remix3D
40:49.4,s:3FC95697-9917-4767-93B2-AA2DBE7EBC16,MSPaint,Remix3D
40:48.9,s:4081D96E-D3BC-4240-B583-94C3814AC76F,MSPaint,Remix3D
40:48.7,s:6BA407DC-47F7-4C99-B01B-086F07778621,MSPaint,Remix3D
40:48.7,s:6BA407DC-47F7-4C99-B01B-086F07778621,MSPaint,Remix3D
40:48.4,s:6BA407DC-47F7-4C99-B01B-086F07778621,MSPaint,Remix3D
40:48.4,s:6BA407DC-47F7-4C99-B01B-086F07778621,MSPaint,Remix3D
40:48.2,s:3B0FF61B-6C9E-4EAE-BE3D-EF9691ED2BD9,MSPaint,Remix3D
40:48.1,s:3758EF17-5474-42B1-89E7-619599A3D1F8,MSPaint,Remix3D
40:48.0,s:6BA407DC-47F7-4C99-B01B-086F07778621,MSPaint,Remix3D
40:47.9,s:1514F873-FBD2-4363-B81D-619064FBA9F7,MSPaint,Remix3D
40:47.8,s:6BA407DC-47F7-4C99-B01B-086F07778621,MSPaint,Remix3D
40:47.7,s:6BA407DC-47F7-4C99-B01B-086F07778621,MSPaint,Remix3D
40:47.1,s:6BA407DC-47F7-4C99-B01B-086F07778621,MSPaint,Remix3D
40:46.8,s:3B0FF61B-6C9E-4EAE-BE3D-EF9691ED2BD9,MSPaint,Remix3D
40:46.7,s:6BA407DC-47F7-4C99-B01B-086F07778621,MSPaint,Remix3D
40:45.8,s:38822E0C-BD5F-4E2D-A101-30345EF08C25,MSPaint,Remix3D
40:45.7,s:DE825CEB-D33E-44ED-940B-F0946A779C9E,MSPaint,Remix3D
40:45.6,s:38822E0C-BD5F-4E2D-A101-30345EF08C25,MSPaint,Remix3D
40:45.5,s:3B0FF61B-6C9E-4EAE-BE3D-EF9691ED2BD9,MSPaint,Remix3D
40:45.3,s:3B0FF61B-6C9E-4EAE-BE3D-EF9691ED2BD9,MSPaint,Remix3D
40:45.1,s:87BC238C-8C4F-4A8B-8112-1944145CC9DD,MSPaint,View3D
40:44.5,s:4081D96E-D3BC-4240-B583-94C3814AC76F,MSPaint,Remix3D
40:44.1,s:3B0FF61B-6C9E-4EAE-BE3D-EF9691ED2BD9,MSPaint,Remix3D
40:43.9,s:1514F873-FBD2-4363-B81D-619064FBA9F7,MSPaint,Remix3D
40:43.6,s:7307763F-6855-4DD6-946E-E8DE635CE4B9,MSPaint,Remix3D
40:43.4,s:8D1CF4D9-0DF3-46E7-8777-61FFF940A65B,MSPaint,Remix3D
40:43.0,s:38822E0C-BD5F-4E2D-A101-30345EF08C25,MSPaint,Remix3D
40:43.0,s:38822E0C-BD5F-4E2D-A101-30345EF08C25,MSPaint,Remix3D
40:42.8,s:3FC95697-9917-4767-93B2-AA2DBE7EBC16,MSPaint,Remix3D
40:41.8,s:3FC95697-9917-4767-93B2-AA2DBE7EBC16,MSPaint,Remix3D
40:41.5,s:3EFABF5C-A40F-4B53-BA32-AF9D84A5F082,MSPaint,View3D
40:41.3,s:3B0FF61B-6C9E-4EAE-BE3D-EF9691ED2BD9,MSPaint,Remix3D
40:41.1,s:8D1CF4D9-0DF3-46E7-8777-61FFF940A65B,MSPaint,Remix3D
40:40.8,s:38822E0C-BD5F-4E2D-A101-30345EF08C25,MSPaint,Remix3D
40:40.6,s:6BA407DC-47F7-4C99-B01B-086F07778621,MSPaint,Remix3D
40:40.5,s:6BA407DC-47F7-4C99-B01B-086F07778621,MSPaint,View3D
40:40.5,s:B35A9FFB-F426-4F87-98EB-76E8BE64C865,MSPaint,Remix3D
40:40.4,s:4081D96E-D3BC-4240-B583-94C3814AC76F,MSPaint,Remix3D
40:40.4,s:4081D96E-D3BC-4240-B583-94C3814AC76F,MSPaint,View3D
40:40.1,s:6BA407DC-47F7-4C99-B01B-086F07778621,MSPaint,Remix3D
40:40.1,s:6BA407DC-47F7-4C99-B01B-086F07778621,MSPaint,Remix3D
40:39.8,s:6BA407DC-47F7-4C99-B01B-086F07778621,MSPaint,Remix3D
40:39.7,s:6BA407DC-47F7-4C99-B01B-086F07778621,MSPaint,Remix3D
40:39.4,s:8D1CF4D9-0DF3-46E7-8777-61FFF940A65B,MSPaint,View3D
40:39.3,s:3EFABF5C-A40F-4B53-BA32-AF9D84A5F082,MSPaint,Remix3D
40:39.3,s:3EFABF5C-A40F-4B53-BA32-AF9D84A5F082,MSPaint,Remix3D
40:39.3,s:6BA407DC-47F7-4C99-B01B-086F07778621,MSPaint,Remix3D
40:39.3,s:6BA407DC-47F7-4C99-B01B-086F07778621,MSPaint,Remix3D
40:39.2,s:1514F873-FBD2-4363-B81D-619064FBA9F7,MSPaint,Remix3D
40:37.7,s:3FC95697-9917-4767-93B2-AA2DBE7EBC16,MSPaint,Remix3D
40:37.5,s:4081D96E-D3BC-4240-B583-94C3814AC76F,MSPaint,Remix3D
40:37.4,s:3B0FF61B-6C9E-4EAE-BE3D-EF9691ED2BD9,MSPaint,Remix3D
40:37.2,s:1514F873-FBD2-4363-B81D-619064FBA9F7,MSPaint,Remix3D
40:37.2,s:1514F873-FBD2-4363-B81D-619064FBA9F7,MSPaint,Remix3D
40:36.7,s:3EFABF5C-A40F-4B53-BA32-AF9D84A5F082,MSPaint,Remix3D
40:36.6,s:C24C86F3-0371-4CBB-8DC5-857FBEB318AE,MSPaint,Remix3D
40:36.1,s:6BA407DC-47F7-4C99-B01B-086F07778621,MSPaint,Remix3D
40:35.8,s:3B0FF61B-6C9E-4EAE-BE3D-EF9691ED2BD9,MSPaint,Remix3D
40:35.4,s:8D1CF4D9-0DF3-46E7-8777-61FFF940A65B,MSPaint,Remix3D
40:34.2,s:6BA407DC-47F7-4C99-B01B-086F07778621,MSPaint,Remix3D
40:33.7,s:3EFABF5C-A40F-4B53-BA32-AF9D84A5F082,MSPaint,Remix3D
40:33.5,s:8D1CF4D9-0DF3-46E7-8777-61FFF940A65B,MSPaint,Remix3D
40:33.1,s:D46AAF8B-FDF1-4BEC-BF54-4FDC1C79446C,MSPaint,Remix3D
40:33.1,s:C24C86F3-0371-4CBB-8DC5-857FBEB318AE,MSPaint,Remix3D
40:32.9,s:C24C86F3-0371-4CBB-8DC5-857FBEB318AE,MSPaint,Remix3D
40:32.7,s:3FC95697-9917-4767-93B2-AA2DBE7EBC16,MSPaint,Remix3D
40:32.5,s:DE825CEB-D33E-44ED-940B-F0946A779C9E,MSPaint,View3D
40:32.5,s:3FC95697-9917-4767-93B2-AA2DBE7EBC16,MSPaint,View3D
40:32.4,s:3EFABF5C-A40F-4B53-BA32-AF9D84A5F082,MSPaint,Remix3D
40:32.4,s:3EFABF5C-A40F-4B53-BA32-AF9D84A5F082,MSPaint,Remix3D
40:31.8,s:698AD70D-54EB-401C-B55B-641C9F5D1B0A,MSPaint,Remix3D
40:31.5,s:9BDA4393-27E0-4FF4-9278-59DE399064C9,MSPaint,Remix3D
40:31.0,s:3B0FF61B-6C9E-4EAE-BE3D-EF9691ED2BD9,MSPaint,View3D
40:30.5,s:698AD70D-54EB-401C-B55B-641C9F5D1B0A,MSPaint,Remix3D
40:30.4,s:1514F873-FBD2-4363-B81D-619064FBA9F7,MSPaint,Remix3D
40:30.3,s:1514F873-FBD2-4363-B81D-619064FBA9F7,MSPaint,Remix3D
40:29.2,s:7D79DCA1-C3D2-4B0F-9E2F-946E091F52CA,MSPaint,Remix3D
40:28.8,s:E84AD612-81DD-4659-A242-7D3B705A7E26,MSPaint,Remix3D
40:28.8,s:3EFABF5C-A40F-4B53-BA32-AF9D84A5F082,MSPaint,Remix3D
40:28.8,s:3EFABF5C-A40F-4B53-BA32-AF9D84A5F082,MSPaint,Remix3D
40:28.8,s:3B0FF61B-6C9E-4EAE-BE3D-EF9691ED2BD9,MSPaint,Remix3D
40:28.2,s:A417A6FD-ADE1-4370-BF96-706ADFD5BD00,MSPaint,Remix3D
40:28.1,s:2A326C58-5A79-48DA-B9E8-34427CF8F03D,MSPaint,Remix3D
40:27.9,s:9FB26F77-2352-4019-BC6B-D32E365D9891,MSPaint,Remix3D
40:27.8,s:8D1CF4D9-0DF3-46E7-8777-61FFF940A65B,MSPaint,Remix3D
40:27.8,s:8D1CF4D9-0DF3-46E7-8777-61FFF940A65B,MSPaint,Remix3D
40:27.6,s:3B0FF61B-6C9E-4EAE-BE3D-EF9691ED2BD9,MSPaint,Remix3D
40:27.0,s:4081D96E-D3BC-4240-B583-94C3814AC76F,MSPaint,Remix3D
40:26.9,s:4081D96E-D3BC-4240-B583-94C3814AC76F,MSPaint,Remix3D
40:26.6,s:3FC95697-9917-4767-93B2-AA2DBE7EBC16,MSPaint,Remix3D
40:26.5,s:4081D96E-D3BC-4240-B583-94C3814AC76F,MSPaint,Remix3D
40:26.4,s:3B0FF61B-6C9E-4EAE-BE3D-EF9691ED2BD9,MSPaint,Remix3D
40:26.3,s:3B0FF61B-6C9E-4EAE-BE3D-EF9691ED2BD9,MSPaint,Remix3D
40:25.7,s:DE825CEB-D33E-44ED-940B-F0946A779C9E,MSPaint,Remix3D
40:24.5,s:4081D96E-D3BC-4240-B583-94C3814AC76F,MSPaint,Remix3D
40:24.2,s:3EFABF5C-A40F-4B53-BA32-AF9D84A5F082,MSPaint,Remix3D
40:24.2,s:3EFABF5C-A40F-4B53-BA32-AF9D84A5F082,MSPaint,Remix3D
40:24.0,s:1514F873-FBD2-4363-B81D-619064FBA9F7,MSPaint,Remix3D
40:23.7,s:8D1CF4D9-0DF3-46E7-8777-61FFF940A65B,MSPaint,Remix3D
40:23.7,s:4081D96E-D3BC-4240-B583-94C3814AC76F,MSPaint,Remix3D
40:23.5,s:3B0FF61B-6C9E-4EAE-BE3D-EF9691ED2BD9,MSPaint,Remix3D
40:23.0,s:3FC95697-9917-4767-93B2-AA2DBE7EBC16,MSPaint,Remix3D
40:22.9,s:1514F873-FBD2-4363-B81D-619064FBA9F7,MSPaint,Remix3D
40:22.6,s:4081D96E-D3BC-4240-B583-94C3814AC76F,MSPaint,Remix3D
40:22.5,s:3EFABF5C-A40F-4B53-BA32-AF9D84A5F082,MSPaint,Remix3D
40:22.4,s:8D1CF4D9-0DF3-46E7-8777-61FFF940A65B,MSPaint,View3D
40:22.3,s:BC352406-DFD7-46F9-B5E0-8810F4030751,MSPaint,Remix3D
40:22.3,s:8D1CF4D9-0DF3-46E7-8777-61FFF940A65B,MSPaint,Remix3D
40:22.2,s:3EFABF5C-A40F-4B53-BA32-AF9D84A5F082,MSPaint,Remix3D
40:20.5,s:3B0FF61B-6C9E-4EAE-BE3D-EF9691ED2BD9,MSPaint,Remix3D
40:20.5,s:3B0FF61B-6C9E-4EAE-BE3D-EF9691ED2BD9,MSPaint,Remix3D
40:20.0,s:F56469C1-E8BB-484C-9234-A0AC68767F83,MSPaint,Remix3D
40:19.6,s:1514F873-FBD2-4363-B81D-619064FBA9F7,MSPaint,Remix3D
40:19.2,s:C24C86F3-0371-4CBB-8DC5-857FBEB318AE,MSPaint,Remix3D
40:18.6,s:3FC95697-9917-4767-93B2-AA2DBE7EBC16,MSPaint,Remix3D
40:18.1,s:3EFABF5C-A40F-4B53-BA32-AF9D84A5F082,MSPaint,Remix3D
40:18.0,s:3EFABF5C-A40F-4B53-BA32-AF9D84A5F082,MSPaint,Remix3D
40:18.0,s:3EFABF5C-A40F-4B53-BA32-AF9D84A5F082,MSPaint,Remix3D
40:17.8,s:A359215A-9F0B-4991-89BB-046F778D3D8B,MSPaint,Remix3D
40:17.8,s:A359215A-9F0B-4991-89BB-046F778D3D8B,MSPaint,Remix3D
40:17.5,s:698AD70D-54EB-401C-B55B-641C9F5D1B0A,MSPaint,Remix3D
40:17.5,s:1514F873-FBD2-4363-B81D-619064FBA9F7,MSPaint,Remix3D
40:17.5,s:1514F873-FBD2-4363-B81D-619064FBA9F7,MSPaint,Remix3D
40:17.2,s:3EFABF5C-A40F-4B53-BA32-AF9D84A5F082,MSPaint,Remix3D
40:16.6,s:3B0FF61B-6C9E-4EAE-BE3D-EF9691ED2BD9,MSPaint,Remix3D
40:16.2,s:4081D96E-D3BC-4240-B583-94C3814AC76F,MSPaint,Remix3D
40:16.2,s:4081D96E-D3BC-4240-B583-94C3814AC76F,MSPaint,Remix3D
40:15.9,s:A359215A-9F0B-4991-89BB-046F778D3D8B,MSPaint,Remix3D
40:15.7,s:4E5631B5-993E-4A82-BE4A-E8318EDE5A9B,MSPaint,Remix3D
40:15.3,s:87BC238C-8C4F-4A8B-8112-1944145CC9DD,MSPaint,Remix3D
40:15.2,s:FF7D8200-4988-4943-BC64-136A5B91D2BE,MSPaint,Remix3D
40:15.0,s:C24C86F3-0371-4CBB-8DC5-857FBEB318AE,MSPaint,Remix3D
40:14.6,s:4081D96E-D3BC-4240-B583-94C3814AC76F,MSPaint,Remix3D
40:14.2,s:C24C86F3-0371-4CBB-8DC5-857FBEB318AE,MSPaint,Remix3D
40:14.1,s:C24C86F3-0371-4CBB-8DC5-857FBEB318AE,MSPaint,Remix3D
40:13.9,s:8D1CF4D9-0DF3-46E7-8777-61FFF940A65B,MSPaint,Remix3D
40:13.7,s:3B0FF61B-6C9E-4EAE-BE3D-EF9691ED2BD9,MSPaint,Remix3D
40:13.3,s:4081D96E-D3BC-4240-B583-94C3814AC76F,MSPaint,Remix3D
40:13.3,s:4081D96E-D3BC-4240-B583-94C3814AC76F,MSPaint,Remix3D
40:13.1,s:3EFABF5C-A40F-4B53-BA32-AF9D84A5F082,MSPaint,Remix3D
40:12.8,s:C24C86F3-0371-4CBB-8DC5-857FBEB318AE,MSPaint,Remix3D
40:12.8,s:38822E0C-BD5F-4E2D-A101-30345EF08C25,MSPaint,Remix3D
40:12.1,s:4081D96E-D3BC-4240-B583-94C3814AC76F,MSPaint,Remix3D
40:11.7,s:1514F873-FBD2-4363-B81D-619064FBA9F7,MSPaint,Remix3D
40:11.6,s:3B0FF61B-6C9E-4EAE-BE3D-EF9691ED2BD9,MSPaint,Remix3D
40:10.7,s:3EFABF5C-A40F-4B53-BA32-AF9D84A5F082,MSPaint,Remix3D
40:10.3,s:1514F873-FBD2-4363-B81D-619064FBA9F7,MSPaint,View3D
40:10.3,s:1514F873-FBD2-4363-B81D-619064FBA9F7,MSPaint,Remix3D
40:10.1,s:C24C86F3-0371-4CBB-8DC5-857FBEB318AE,MSPaint,Remix3D
40:09.8,s:4081D96E-D3BC-4240-B583-94C3814AC76F,MSPaint,Remix3D
40:08.6,s:4081D96E-D3BC-4240-B583-94C3814AC76F,MSPaint,Remix3D
40:07.4,s:1514F873-FBD2-4363-B81D-619064FBA9F7,MSPaint,Remix3D
40:07.4,s:1514F873-FBD2-4363-B81D-619064FBA9F7,MSPaint,Remix3D
40:07.2,s:881DE860-5165-4341-89DA-2B81EBF89EA4,MSPaint,Remix3D
40:07.1,s:3B0FF61B-6C9E-4EAE-BE3D-EF9691ED2BD9,MSPaint,Remix3D
40:07.0,s:3FC95697-9917-4767-93B2-AA2DBE7EBC16,MSPaint,Remix3D
40:06.5,s:4081D96E-D3BC-4240-B583-94C3814AC76F,MSPaint,Remix3D
40:06.2,s:3FC95697-9917-4767-93B2-AA2DBE7EBC16,MSPaint,Remix3D
40:06.1,s:E85B1EA6-BFD4-44C9-A2E5-700CEEC40492,MSPaint,Remix3D
40:05.4,s:3B0FF61B-6C9E-4EAE-BE3D-EF9691ED2BD9,MSPaint,Remix3D
40:05.0,s:4081D96E-D3BC-4240-B583-94C3814AC76F,MSPaint,Remix3D
40:04.8,s:4081D96E-D3BC-4240-B583-94C3814AC76F,MSPaint,Remix3D
40:04.8,s:4081D96E-D3BC-4240-B583-94C3814AC76F,MSPaint,Remix3D
40:04.8,s:E54A2162-6797-4790-AC0F-6C6F1E987C9D,MSPaint,Remix3D
40:04.5,s:0AE5DA49-A911-4666-AA9E-A5F06ABEE9D1,MSPaint,Remix3D
40:04.3,s:4081D96E-D3BC-4240-B583-94C3814AC76F,MSPaint,Remix3D
40:04.2,s:4081D96E-D3BC-4240-B583-94C3814AC76F,MSPaint,Remix3D
40:04.1,s:4081D96E-D3BC-4240-B583-94C3814AC76F,MSPaint,Remix3D
40:03.9,s:A359215A-9F0B-4991-89BB-046F778D3D8B,MSPaint,Remix3D
40:03.9,s:4081D96E-D3BC-4240-B583-94C3814AC76F,MSPaint,Remix3D
40:03.7,s:1514F873-FBD2-4363-B81D-619064FBA9F7,MSPaint,Remix3D
40:03.6,s:A359215A-9F0B-4991-89BB-046F778D3D8B,MSPaint,Remix3D
40:03.1,s:3B0FF61B-6C9E-4EAE-BE3D-EF9691ED2BD9,MSPaint,Remix3D
40:02.8,s:A359215A-9F0B-4991-89BB-046F778D3D8B,MSPaint,Remix3D
40:02.7,s:698AD70D-54EB-401C-B55B-641C9F5D1B0A,MSPaint,Remix3D
40:02.6,s:A359215A-9F0B-4991-89BB-046F778D3D8B,MSPaint,Remix3D
40:02.5,s:A359215A-9F0B-4991-89BB-046F778D3D8B,MSPaint,Remix3D
40:02.3,s:A359215A-9F0B-4991-89BB-046F778D3D8B,MSPaint,View3D
40:02.3,s:A359215A-9F0B-4991-89BB-046F778D3D8B,MSPaint,Remix3D
40:01.9,s:8D1CF4D9-0DF3-46E7-8777-61FFF940A65B,MSPaint,Remix3D
40:01.8,s:4081D96E-D3BC-4240-B583-94C3814AC76F,MSPaint,Remix3D
40:01.8,s:4081D96E-D3BC-4240-B583-94C3814AC76F,MSPaint,Remix3D
40:01.1,s:8D1CF4D9-0DF3-46E7-8777-61FFF940A65B,MSPaint,Remix3D
40:00.5,s:8D1CF4D9-0DF3-46E7-8777-61FFF940A65B,MSPaint,Remix3D
40:00.1,s:4081D96E-D3BC-4240-B583-94C3814AC76F,MSPaint,Remix3D
40:00.0,s:4081D96E-D3BC-4240-B583-94C3814AC76F,MSPaint,Remix3D
39:59.9,s:8D1CF4D9-0DF3-46E7-8777-61FFF940A65B,MSPaint,Remix3D
39:59.7,s:2E9E583E-B2E5-4747-AA21-76A5E9020419,MSPaint,Remix3D
39:59.2,s:8D1CF4D9-0DF3-46E7-8777-61FFF940A65B,MSPaint,Remix3D
39:59.1,s:8D1CF4D9-0DF3-46E7-8777-61FFF940A65B,MSPaint,Remix3D
39:59.0,s:DE825CEB-D33E-44ED-940B-F0946A779C9E,MSPaint,Remix3D
39:58.7,s:1514F873-FBD2-4363-B81D-619064FBA9F7,MSPaint,Remix3D
39:58.7,s:1514F873-FBD2-4363-B81D-619064FBA9F7,MSPaint,Remix3D
39:58.4,s:3FC95697-9917-4767-93B2-AA2DBE7EBC16,MSPaint,Remix3D
39:58.3,s:7C5B516F-D0BC-45D6-9462-667BF0A70D44,MSPaint,Remix3D
39:58.0,s:4081D96E-D3BC-4240-B583-94C3814AC76F,MSPaint,Remix3D
39:57.8,s:DE825CEB-D33E-44ED-940B-F0946A779C9E,MSPaint,Remix3D
39:57.7,s:DE825CEB-D33E-44ED-940B-F0946A779C9E,MSPaint,Remix3D
39:56.9,s:3EFABF5C-A40F-4B53-BA32-AF9D84A5F082,MSPaint,Remix3D
39:56.7,s:3FC95697-9917-4767-93B2-AA2DBE7EBC16,MSPaint,Remix3D
39:56.5,s:3EFABF5C-A40F-4B53-BA32-AF9D84A5F082,MSPaint,Remix3D
39:56.3,s:7C5B516F-D0BC-45D6-9462-667BF0A70D44,MSPaint,Remix3D
39:56.1,s:00347580-9395-470B-B576-DDAB8F894210,MSPaint,Remix3D
39:56.1,s:A417A6FD-ADE1-4370-BF96-706ADFD5BD00,MSPaint,Remix3D
39:55.9,s:1514F873-FBD2-4363-B81D-619064FBA9F7,MSPaint,Remix3D
39:55.9,s:1514F873-FBD2-4363-B81D-619064FBA9F7,MSPaint,Remix3D
39:55.6,s:3FC95697-9917-4767-93B2-AA2DBE7EBC16,MSPaint,Remix3D
39:55.5,s:7C5B516F-D0BC-45D6-9462-667BF0A70D44,MSPaint,Remix3D
39:54.9,s:3B0FF61B-6C9E-4EAE-BE3D-EF9691ED2BD9,MSPaint,Remix3D
39:54.7,s:8D1CF4D9-0DF3-46E7-8777-61FFF940A65B,MSPaint,Remix3D
39:54.4,s:F6FF75CA-507D-4684-A775-816090CB9EE1,MSPaint,Remix3D
39:54.4,s:4081D96E-D3BC-4240-B583-94C3814AC76F,MSPaint,View3D
39:54.1,s:00347580-9395-470B-B576-DDAB8F894210,MSPaint,Remix3D
39:54.1,s:00347580-9395-470B-B576-DDAB8F894210,MSPaint,Remix3D
39:53.6,s:3EFABF5C-A40F-4B53-BA32-AF9D84A5F082,MSPaint,Remix3D
39:53.2,s:4081D96E-D3BC-4240-B583-94C3814AC76F,MSPaint,Remix3D
39:52.1,s:4081D96E-D3BC-4240-B583-94C3814AC76F,MSPaint,Remix3D
39:51.6,s:38822E0C-BD5F-4E2D-A101-30345EF08C25,MSPaint,Remix3D
39:51.5,s:38822E0C-BD5F-4E2D-A101-30345EF08C25,MSPaint,Remix3D
39:51.4,s:7C5B516F-D0BC-45D6-9462-667BF0A70D44,MSPaint,Remix3D
39:51.4,s:38822E0C-BD5F-4E2D-A101-30345EF08C25,MSPaint,Remix3D
39:51.3,s:7C5B516F-D0BC-45D6-9462-667BF0A70D44,MSPaint,Remix3D
39:51.3,s:7C5B516F-D0BC-45D6-9462-667BF0A70D44,MSPaint,Remix3D
39:51.2,s:7C5B516F-D0BC-45D6-9462-667BF0A70D44,MSPaint,Remix3D
39:51.1,s:7C5B516F-D0BC-45D6-9462-667BF0A70D44,MSPaint,Remix3D
39:50.7,s:7C5B516F-D0BC-45D6-9462-667BF0A70D44,MSPaint,Remix3D
39:50.5,s:7C5B516F-D0BC-45D6-9462-667BF0A70D44,MSPaint,Remix3D
39:49.5,s:E02F9F59-858B-44A0-A8B3-499E4AF0C64A,MSPaint,Remix3D
39:49.4,s:4081D96E-D3BC-4240-B583-94C3814AC76F,MSPaint,Remix3D
39:49.3,s:698AD70D-54EB-401C-B55B-641C9F5D1B0A,MSPaint,Remix3D
39:48.8,s:A417A6FD-ADE1-4370-BF96-706ADFD5BD00,MSPaint,Remix3D
39:48.5,s:9E263AA0-97B2-4E4C-A816-CED94FC018D1,MSPaint,Remix3D
39:48.5,s:7C5B516F-D0BC-45D6-9462-667BF0A70D44,MSPaint,Remix3D
39:48.5,s:7C5B516F-D0BC-45D6-9462-667BF0A70D44,MSPaint,Remix3D
39:48.3,s:698AD70D-54EB-401C-B55B-641C9F5D1B0A,MSPaint,View3D
39:48.2,s:3B0FF61B-6C9E-4EAE-BE3D-EF9691ED2BD9,MSPaint,Remix3D
39:48.2,s:3B0FF61B-6C9E-4EAE-BE3D-EF9691ED2BD9,MSPaint,Remix3D
39:48.0,s:3758EF17-5474-42B1-89E7-619599A3D1F8,MSPaint,Remix3D
39:47.0,s:3FC95697-9917-4767-93B2-AA2DBE7EBC16,MSPaint,Remix3D
39:46.6,s:A417A6FD-ADE1-4370-BF96-706ADFD5BD00,MSPaint,Remix3D
39:46.1,s:3FC95697-9917-4767-93B2-AA2DBE7EBC16,MSPaint,Remix3D
39:45.3,s:3B0FF61B-6C9E-4EAE-BE3D-EF9691ED2BD9,MSPaint,Remix3D
39:45.1,s:38822E0C-BD5F-4E2D-A101-30345EF08C25,MSPaint,Remix3D
39:44.7,s:7C5B516F-D0BC-45D6-9462-667BF0A70D44,MSPaint,Remix3D
39:44.3,s:4081D96E-D3BC-4240-B583-94C3814AC76F,MSPaint,View3D
39:43.9,s:1514F873-FBD2-4363-B81D-619064FBA9F7,MSPaint,Remix3D
39:43.4,s:7307763F-6855-4DD6-946E-E8DE635CE4B9,MSPaint,Remix3D
39:42.4,s:3FC95697-9917-4767-93B2-AA2DBE7EBC16,MSPaint,Remix3D
39:41.9,s:3FC95697-9917-4767-93B2-AA2DBE7EBC16,MSPaint,Remix3D
39:40.9,s:7C5B516F-D0BC-45D6-9462-667BF0A70D44,MSPaint,Remix3D
39:40.7,s:7C5B516F-D0BC-45D6-9462-667BF0A70D44,MSPaint,Remix3D
39:40.5,s:7C5B516F-D0BC-45D6-9462-667BF0A70D44,MSPaint,Remix3D
39:40.5,s:7C5B516F-D0BC-45D6-9462-667BF0A70D44,MSPaint,Remix3D
39:40.1,s:7C5B516F-D0BC-45D6-9462-667BF0A70D44,MSPaint,Remix3D
39:40.0,s:7C5B516F-D0BC-45D6-9462-667BF0A70D44,MSPaint,Remix3D
39:39.9,s:B35A9FFB-F426-4F87-98EB-76E8BE64C865,MSPaint,Remix3D
39:39.7,s:698AD70D-54EB-401C-B55B-641C9F5D1B0A,MSPaint,Remix3D
39:39.1,s:A417A6FD-ADE1-4370-BF96-706ADFD5BD00,MSPaint,Remix3D
39:38.9,s:698AD70D-54EB-401C-B55B-641C9F5D1B0A,MSPaint,Remix3D
39:38.0,s:3B0FF61B-6C9E-4EAE-BE3D-EF9691ED2BD9,MSPaint,Remix3D
39:37.1,s:A417A6FD-ADE1-4370-BF96-706ADFD5BD00,MSPaint,Remix3D
39:36.3,s:4081D96E-D3BC-4240-B583-94C3814AC76F,MSPaint,Remix3D
39:36.3,s:4081D96E-D3BC-4240-B583-94C3814AC76F,MSPaint,Remix3D
39:35.5,s:38822E0C-BD5F-4E2D-A101-30345EF08C25,MSPaint,Remix3D
39:35.4,s:38822E0C-BD5F-4E2D-A101-30345EF08C25,MSPaint,Remix3D
39:35.1,s:A417A6FD-ADE1-4370-BF96-706ADFD5BD00,MSPaint,Remix3D
39:34.9,s:00347580-9395-470B-B576-DDAB8F894210,MSPaint,Remix3D
39:34.6,s:00347580-9395-470B-B576-DDAB8F894210,MSPaint,Remix3D
39:34.1,s:6BA407DC-47F7-4C99-B01B-086F07778621,MSPaint,Remix3D
39:33.8,s:3FC95697-9917-4767-93B2-AA2DBE7EBC16,MSPaint,Remix3D
39:33.4,s:4081D96E-D3BC-4240-B583-94C3814AC76F,MSPaint,Remix3D
39:33.0,s:D46AAF8B-FDF1-4BEC-BF54-4FDC1C79446C,MSPaint,Remix3D
39:32.6,s:A417A6FD-ADE1-4370-BF96-706ADFD5BD00,MSPaint,Remix3D
39:32.3,s:EDDA087A-39A2-4834-A9D1-65149D318314,MSPaint,Remix3D
39:32.1,s:37A4BECA-79A8-4D79-A044-78B3498FC926,MSPaint,Remix3D
39:31.4,s:9BDA4393-27E0-4FF4-9278-59DE399064C9,MSPaint,Remix3D
39:30.1,s:37A4BECA-79A8-4D79-A044-78B3498FC926,MSPaint,Remix3D
39:29.9,s:3EFABF5C-A40F-4B53-BA32-AF9D84A5F082,MSPaint,Remix3D
39:29.8,s:4081D96E-D3BC-4240-B583-94C3814AC76F,MSPaint,Remix3D
39:29.5,s:EDDA087A-39A2-4834-A9D1-65149D318314,MSPaint,Remix3D
39:29.4,s:4081D96E-D3BC-4240-B583-94C3814AC76F,MSPaint,Remix3D
39:29.2,s:7D79DCA1-C3D2-4B0F-9E2F-946E091F52CA,MSPaint,Remix3D
39:29.2,s:DE825CEB-D33E-44ED-940B-F0946A779C9E,MSPaint,Remix3D
39:29.0,s:37A4BECA-79A8-4D79-A044-78B3498FC926,MSPaint,Remix3D
39:28.9,s:37A4BECA-79A8-4D79-A044-78B3498FC926,MSPaint,Remix3D
39:28.6,s:DE825CEB-D33E-44ED-940B-F0946A779C9E,MSPaint,Remix3D
39:28.4,s:1514F873-FBD2-4363-B81D-619064FBA9F7,MSPaint,Remix3D
39:28.4,s:DE825CEB-D33E-44ED-940B-F0946A779C9E,MSPaint,Remix3D
39:28.1,s:DE825CEB-D33E-44ED-940B-F0946A779C9E,MSPaint,Remix3D
39:28.0,s:698AD70D-54EB-401C-B55B-641C9F5D1B0A,MSPaint,Remix3D
39:27.8,s:A417A6FD-ADE1-4370-BF96-706ADFD5BD00,MSPaint,Remix3D
39:27.7,s:9FB26F77-2352-4019-BC6B-D32E365D9891,MSPaint,Remix3D
39:27.5,s:37A4BECA-79A8-4D79-A044-78B3498FC926,MSPaint,Remix3D
39:27.4,s:37A4BECA-79A8-4D79-A044-78B3498FC926,MSPaint,Remix3D
39:26.8,s:00347580-9395-470B-B576-DDAB8F894210,MSPaint,Remix3D
39:26.7,s:698AD70D-54EB-401C-B55B-641C9F5D1B0A,MSPaint,Remix3D
39:26.6,s:37A4BECA-79A8-4D79-A044-78B3498FC926,MSPaint,Remix3D
39:26.5,s:DE825CEB-D33E-44ED-940B-F0946A779C9E,MSPaint,Remix3D
39:26.2,s:DE825CEB-D33E-44ED-940B-F0946A779C9E,MSPaint,Remix3D
39:25.8,s:4081D96E-D3BC-4240-B583-94C3814AC76F,MSPaint,Remix3D
39:25.7,s:4081D96E-D3BC-4240-B583-94C3814AC76F,MSPaint,Remix3D
39:25.5,s:4081D96E-D3BC-4240-B583-94C3814AC76F,MSPaint,Remix3D
39:25.1,s:4081D96E-D3BC-4240-B583-94C3814AC76F,MSPaint,Remix3D
39:24.9,s:4081D96E-D3BC-4240-B583-94C3814AC76F,MSPaint,Remix3D
39:24.8,s:4081D96E-D3BC-4240-B583-94C3814AC76F,MSPaint,Remix3D
39:24.6,s:4081D96E-D3BC-4240-B583-94C3814AC76F,MSPaint,Remix3D
39:24.3,s:38822E0C-BD5F-4E2D-A101-30345EF08C25,MSPaint,Remix3D
39:24.3,s:3FC95697-9917-4767-93B2-AA2DBE7EBC16,MSPaint,View3D
39:24.1,s:3EFABF5C-A40F-4B53-BA32-AF9D84A5F082,MSPaint,Remix3D
39:24.1,s:3EFABF5C-A40F-4B53-BA32-AF9D84A5F082,MSPaint,Remix3D
39:23.9,s:37A4BECA-79A8-4D79-A044-78B3498FC926,MSPaint,Remix3D
39:23.5,s:B0A6F07F-35AB-4FB0-804C-3F1874A512BB,MSPaint,Remix3D
39:23.3,s:DE825CEB-D33E-44ED-940B-F0946A779C9E,MSPaint,Remix3D
39:22.9,s:4081D96E-D3BC-4240-B583-94C3814AC76F,MSPaint,Remix3D
39:22.9,s:4081D96E-D3BC-4240-B583-94C3814AC76F,MSPaint,Remix3D
39:22.3,s:1514F873-FBD2-4363-B81D-619064FBA9F7,MSPaint,Remix3D
39:22.2,s:BC352406-DFD7-46F9-B5E0-8810F4030751,MSPaint,Remix3D
39:22.0,s:3EFABF5C-A40F-4B53-BA32-AF9D84A5F082,MSPaint,Remix3D
39:21.9,s:37A4BECA-79A8-4D79-A044-78B3498FC926,MSPaint,Remix3D
39:21.7,s:00347580-9395-470B-B576-DDAB8F894210,MSPaint,Remix3D
39:20.8,s:3FC95697-9917-4767-93B2-AA2DBE7EBC16,MSPaint,Remix3D
39:20.1,s:EDDA087A-39A2-4834-A9D1-65149D318314,MSPaint,Remix3D
39:19.8,s:F56469C1-E8BB-484C-9234-A0AC68767F83,MSPaint,Remix3D
39:19.7,s:00347580-9395-470B-B576-DDAB8F894210,MSPaint,Remix3D
39:19.6,s:37A4BECA-79A8-4D79-A044-78B3498FC926,MSPaint,Remix3D
39:19.0,s:3B0FF61B-6C9E-4EAE-BE3D-EF9691ED2BD9,MSPaint,Remix3D
39:18.9,s:1514F873-FBD2-4363-B81D-619064FBA9F7,MSPaint,Remix3D
39:18.7,s:43E3D459-9E29-4A00-AD87-42B16F7E4DBD,MSPaint,Remix3D
39:18.6,s:B0A6F07F-35AB-4FB0-804C-3F1874A512BB,MSPaint,Remix3D
39:18.6,s:B0A6F07F-35AB-4FB0-804C-3F1874A512BB,MSPaint,Remix3D
39:18.6,s:1514F873-FBD2-4363-B81D-619064FBA9F7,MSPaint,Remix3D
39:18.5,s:1514F873-FBD2-4363-B81D-619064FBA9F7,MSPaint,View3D
39:18.4,s:37A4BECA-79A8-4D79-A044-78B3498FC926,MSPaint,Remix3D
39:18.2,s:37A4BECA-79A8-4D79-A044-78B3498FC926,MSPaint,Remix3D
39:18.1,s:37A4BECA-79A8-4D79-A044-78B3498FC926,MSPaint,Remix3D
39:17.9,s:00347580-9395-470B-B576-DDAB8F894210,MSPaint,Remix3D

